/*
 Navicat Premium Data Transfer

 Source Server         : dante
 Source Server Type    : MySQL
 Source Server Version : 100425
 Source Host           : localhost:3306
 Source Schema         : bookshopdb

 Target Server Type    : MySQL
 Target Server Version : 100425
 File Encoding         : 65001

 Date: 11/11/2022 01:10:41
*/

SET NAMES utf8mb4;
SET FOREIGN_KEY_CHECKS = 0;

-- ----------------------------
-- Table structure for authors
-- ----------------------------
DROP TABLE IF EXISTS `authors`;
CREATE TABLE `authors`  (
  `id` bigint UNSIGNED NOT NULL AUTO_INCREMENT,
  `image_id` int UNSIGNED NULL DEFAULT NULL,
  `name` varchar(191) CHARACTER SET utf8mb4 COLLATE utf8mb4_unicode_ci NOT NULL,
  `slug` varchar(191) CHARACTER SET utf8mb4 COLLATE utf8mb4_unicode_ci NOT NULL,
  `bio` text CHARACTER SET utf8mb4 COLLATE utf8mb4_unicode_ci NULL,
  `created_at` timestamp(0) NULL DEFAULT NULL,
  `updated_at` timestamp(0) NULL DEFAULT NULL,
  PRIMARY KEY (`id`) USING BTREE,
  INDEX `authors_image_id_index`(`image_id`) USING BTREE
) ENGINE = InnoDB AUTO_INCREMENT = 9 CHARACTER SET = utf8mb4 COLLATE = utf8mb4_unicode_ci ROW_FORMAT = DYNAMIC;

-- ----------------------------
-- Records of authors
-- ----------------------------
INSERT INTO `authors` VALUES (1, NULL, 'Mr. Davion Bradtke PhD', 'impedit-qui-enim', 'Rem voluptatem eligendi possimus qui deserunt suscipit ab. Et distinctio sit cumque consequatur iusto quae ipsam. Nam nesciunt eos nulla voluptatem quasi nobis.\n\nExcepturi exercitationem aspernatur incidunt doloremque et. In est dolore occaecati reprehenderit est. Sit dolores ut est.\n\nEt corrupti est incidunt quo nisi. Expedita dignissimos sapiente quam et. Est qui provident ducimus eveniet autem. Libero aut qui quam iste ab consectetur.', NULL, NULL);
INSERT INTO `authors` VALUES (2, NULL, 'Nico Witting', 'rerum-dolorum-dolorum', 'Deleniti nemo et voluptas omnis excepturi sed laudantium. Consequatur deleniti ea omnis illo accusantium. Ab odio rerum perspiciatis.\n\nAut eveniet est accusantium hic. Necessitatibus rem id quisquam autem porro est facere. Quos qui est culpa a aut. Veniam error facilis repellat aut ipsam.\n\nEst unde officiis pariatur et libero fuga. Sit magnam dicta nostrum vitae dolore. Ea dolores culpa quia dolorum rem sed.\n\nDolor est quaerat quos ex facere assumenda ut omnis. Omnis quisquam est impedit. Dolore culpa eaque quis deserunt deleniti laudantium aut minus.', NULL, NULL);
INSERT INTO `authors` VALUES (3, NULL, 'Dillan Hamill PhD', 'libero-molestiae-saepe', 'Occaecati est maiores esse vero totam magnam tempore. Repellat et quia fugit asperiores. Qui quo perspiciatis cum expedita ut. In enim molestiae odio a ducimus maiores. Aliquam facere quam temporibus aut eum voluptatibus.\n\nReprehenderit et praesentium est id quisquam placeat culpa porro. Sunt reiciendis rerum rerum in voluptas. Earum cupiditate maxime et asperiores minima. Culpa sint distinctio enim.\n\nQuia aut sed at quia eveniet id non. Recusandae in minus nam repudiandae et sunt sapiente. Quidem harum maiores dolor facilis doloremque quia enim.', NULL, NULL);
INSERT INTO `authors` VALUES (4, NULL, 'Prof. Modesta Doyle', 'qui-minima', 'Recusandae possimus corrupti sit. Doloribus voluptas sequi laudantium numquam maiores. Nostrum placeat veniam velit quod et.\n\nQuaerat aspernatur ullam pariatur facere. Possimus officia maiores et et ullam delectus.', NULL, NULL);
INSERT INTO `authors` VALUES (5, NULL, 'Paul Price', 'dolore-voluptate-fugit', 'Ea consequatur ipsa nobis molestiae enim deleniti accusantium. Minus adipisci minus ratione sapiente voluptatem ipsa mollitia recusandae. Non perferendis sunt pariatur. Explicabo et cumque tempore quod consequatur ex.\n\nEt pariatur minus veniam consequatur quisquam autem. Eos beatae sit ut omnis quod. Consectetur fugit doloremque et et. Beatae architecto earum dolorem illum.', NULL, NULL);
INSERT INTO `authors` VALUES (6, NULL, 'Fermin Reilly', 'ullam-tempora', 'Nesciunt aut molestiae aspernatur perferendis. Veniam quia cumque nihil ea voluptas. Et eos quia ut dolore error.\n\nEos beatae nam fuga. Aut quo id deserunt cupiditate rerum veniam porro laboriosam. Eos maiores voluptas unde delectus nisi. Nulla nostrum aut sed.\n\nVelit magnam doloribus non. Laboriosam pariatur veritatis eligendi non. Architecto voluptas non sunt eveniet est reprehenderit optio. Quidem molestiae deserunt impedit quis atque cum ullam.', NULL, NULL);
INSERT INTO `authors` VALUES (7, NULL, 'Jefferey Quitzon', 'tempore-animi', 'Atque sunt et aut placeat est porro ut. Sint qui hic quaerat blanditiis cumque consequatur repudiandae. Voluptatem ipsam eius dolore et eos cupiditate doloribus.\n\nExpedita quibusdam vero nobis autem repudiandae. Ea accusantium beatae officia repellat. Ipsa vel deleniti labore excepturi et reprehenderit nostrum. Minima a et enim eaque dolore vel maxime fugit. Voluptas sed suscipit inventore asperiores voluptas et.', NULL, NULL);
INSERT INTO `authors` VALUES (8, NULL, 'Prof. Aaron Hickle', 'at-sit-non', 'Autem aut tempora sit corrupti accusantium pariatur qui. Non omnis qui alias. Non soluta in veniam soluta fuga non eos.\n\nUllam officiis provident dolores non. Cupiditate neque atque repellendus in. Culpa sed non natus a. Aut voluptatum dolor est odit atque molestias reiciendis.\n\nVoluptate consectetur voluptatem et ut velit et ea itaque. Sed tempore labore perferendis aperiam. Quos ut architecto minus distinctio consectetur ex nisi. Neque minus quibusdam suscipit ut quos.', NULL, NULL);

-- ----------------------------
-- Table structure for books
-- ----------------------------
DROP TABLE IF EXISTS `books`;
CREATE TABLE `books`  (
  `id` bigint UNSIGNED NOT NULL AUTO_INCREMENT,
  `title` varchar(191) CHARACTER SET utf8mb4 COLLATE utf8mb4_unicode_ci NOT NULL,
  `slug` varchar(191) CHARACTER SET utf8mb4 COLLATE utf8mb4_unicode_ci NOT NULL,
  `description` text CHARACTER SET utf8mb4 COLLATE utf8mb4_unicode_ci NOT NULL,
  `author_id` int UNSIGNED NOT NULL,
  `category_id` int UNSIGNED NOT NULL,
  `image_id` int UNSIGNED NOT NULL,
  `quantity` bigint NOT NULL,
  `init_price` bigint NOT NULL,
  `discount_rate` int NULL DEFAULT NULL,
  `price` double NOT NULL,
  `deleted_at` timestamp(0) NULL DEFAULT NULL,
  `created_at` timestamp(0) NULL DEFAULT NULL,
  `updated_at` timestamp(0) NULL DEFAULT NULL,
  `price_per_min` bigint NOT NULL DEFAULT 0,
  `pdf_id` int UNSIGNED NOT NULL,
  PRIMARY KEY (`id`) USING BTREE,
  UNIQUE INDEX `books_slug_unique`(`slug`) USING BTREE,
  INDEX `books_author_id_index`(`author_id`) USING BTREE,
  INDEX `books_category_id_index`(`category_id`) USING BTREE,
  INDEX `books_image_id_index`(`image_id`) USING BTREE
) ENGINE = InnoDB AUTO_INCREMENT = 51 CHARACTER SET = utf8mb4 COLLATE = utf8mb4_unicode_ci ROW_FORMAT = DYNAMIC;

-- ----------------------------
-- Records of books
-- ----------------------------
INSERT INTO `books` VALUES (1, 'Nostrum quo mollitia veniam occaecati voluptatibus placeat repellat est non repellendus.', 'ut-rerum', 'Non aliquam voluptas esse. Quam et sit fugiat libero odit facere ut et. Ipsam aut voluptate mollitia beatae et officiis dicta.\n\nQuos sed necessitatibus quas sit cupiditate animi. Praesentium est dolore aliquid reiciendis rerum quas sed sit. A voluptatum impedit aut quas quasi.\n\nIn ad veritatis nobis ipsum. Rerum suscipit rem laudantium aut libero sed animi at. Sunt excepturi autem nam ut ea sequi est. Id cumque ipsum ullam sunt.\n\nVitae dolor doloremque vero praesentium ab eligendi. Consequuntur officia facilis sint. Iusto ad sit sint blanditiis. Cupiditate odio atque officiis repudiandae.\n\nPlaceat omnis rem aut pariatur ea. Labore repellat dolorem quibusdam excepturi atque. Repellat ratione et similique dolores. Nostrum est accusantium consequatur asperiores quasi ut.\n\nQuidem harum fugiat ab non et quaerat. Sed aut omnis nesciunt deleniti sit commodi et. Libero magnam asperiores ab est praesentium saepe. Sapiente dolore aspernatur facere praesentium et.\n\nSaepe corrupti architecto numquam pariatur sit velit. Expedita assumenda error sit libero reprehenderit asperiores omnis. Et sed dolores adipisci non amet praesentium.\n\nAb facilis esse officia cum. Maiores provident qui autem sapiente officia. Facere nihil tenetur quasi ut blanditiis dolorem enim. Nemo optio minus mollitia sequi aut.\n\nRepudiandae quas aut harum expedita pariatur placeat provident quo. Et recusandae magni ipsa ut neque alias dolor. Ea autem voluptas occaecati tempora dolor. Ut mollitia ad earum aspernatur.\n\nAspernatur quia id quia facilis voluptatem sunt voluptatem maxime. Et soluta cum architecto. Repudiandae quia nam et dolore nam rerum.', 7, 5, 11, 28, 283, 1, 280.17, NULL, '2022-11-08 20:48:31', NULL, 0, 0);
INSERT INTO `books` VALUES (2, 'Asperiores et corporis corporis repellat quia et.', 'ut-in-blanditiis-facere-optio-maiores', 'Non ad esse in. Praesentium illo ipsum et illo voluptatem voluptas consectetur. Sit quaerat ea deserunt reprehenderit commodi. Ullam voluptatem cum sed est dolor aliquam voluptatibus iure.\n\nSint ut in eaque ipsum. A deleniti autem qui iste odit. Voluptatem cupiditate officiis quo. Pariatur quis qui ullam consequuntur placeat qui sint.\n\nUt sint amet non dolore natus. Doloribus nisi nulla fugit consequuntur est. Enim doloremque sint laudantium exercitationem cumque et.\n\nVoluptatem est libero molestiae culpa quisquam. Aspernatur ex minima et omnis aut corporis et. Sed sequi et ipsa aut dolores harum.\n\nEnim recusandae quae laudantium quae error qui doloremque. Amet ad iure recusandae. Eligendi aut tenetur eaque.\n\nId eius voluptas voluptatem deserunt delectus. Voluptas quos architecto ullam mollitia vero deserunt. Vero facilis explicabo modi iure ut dolores. Eos non minima et distinctio.\n\nDelectus ut sapiente dignissimos aut est ut velit. Et culpa amet in ipsum officia. Voluptas vero aut eos non odit. Ea nobis tempora nisi. Ab et eaque magni commodi fuga et.\n\nVelit corporis sit in quidem ut. Et quis voluptatem molestiae aut. Maiores qui eaque ipsam recusandae quisquam nihil. Et repellat cum alias eaque ullam.', 6, 3, 7, 21, 335, 5, 318.25, NULL, '2022-11-08 20:48:31', NULL, 0, 0);
INSERT INTO `books` VALUES (3, 'Atque reiciendis harum quae rem atque ab maxime.', 'repellat-minima-quaerat-vero', 'Earum ut ut nihil quis dolores illum minima. Delectus et dolore et reiciendis rerum suscipit quod omnis. Nihil laboriosam debitis laboriosam repellendus omnis consequatur.\n\nEarum et pariatur eius enim. Ea quod animi ullam recusandae nihil optio. Molestiae molestias dolore rerum sit.\n\nSint et quia aperiam deleniti ipsam id aliquam. Distinctio officiis amet dolorem commodi.\n\nNihil iure eos et est sunt quasi fuga. Modi nulla aut omnis officia quod qui eius. Quas saepe fuga officiis. Inventore quas dolorem accusamus voluptatibus sapiente.\n\nEt adipisci consequatur aut incidunt accusamus voluptas. Modi rerum aut qui. Dicta tenetur omnis molestiae amet amet sunt. Provident sequi ut praesentium expedita exercitationem doloremque neque.\n\nAccusamus distinctio quidem aut quasi officiis velit cupiditate. Eos eligendi quasi dolores ut. Totam voluptates rem mollitia ipsa animi ut ducimus nihil. Incidunt at nulla tempora quisquam in atque.\n\nAliquam blanditiis sunt quis nam debitis. Magnam quaerat ut praesentium voluptatem. Corporis repudiandae qui qui est. Non quod est dolor sunt et. Asperiores excepturi in fugit labore voluptatem expedita non.\n\nVoluptas quia facilis perferendis. Voluptates et dicta est. Unde magnam maiores officia dolorem.\n\nEnim rerum dolore quos sed perspiciatis nihil illum voluptate. Rerum aut facilis consequatur dolorem modi minus. Facilis nostrum molestias maxime voluptatem velit nostrum dolores. Temporibus quidem iste sunt.\n\nCulpa earum tempora eius dignissimos quis quia. Deserunt laudantium sapiente rerum velit eveniet omnis sapiente. Itaque eligendi id sit. Omnis exercitationem qui magni corrupti ipsam quia.\n\nAliquam in ipsam dignissimos et non. Repudiandae veniam autem laborum sit ratione quam. Voluptatibus dignissimos laudantium nesciunt velit doloribus temporibus a. Quia et voluptates velit.\n\nConsectetur ut cupiditate sed dolorum. Hic aperiam magni consequatur quo quis ab. Ea porro et placeat in.', 6, 6, 1, 10, 320, 2, 313.6, NULL, '2022-11-08 20:48:31', NULL, 0, 0);
INSERT INTO `books` VALUES (4, 'Illum et et quaerat non et.', 'aut-quas-aut-sit-rerum', 'Pariatur veniam fugiat odit sit voluptatibus. Neque et veritatis qui doloremque et non aliquid nulla. Rerum cum mollitia iusto occaecati aut maiores aperiam. Velit reiciendis voluptate autem est vel illum.\n\nAmet non omnis non vero ut. Mollitia quod perferendis ratione voluptas. Itaque corrupti amet aut sed. Voluptas est modi dignissimos aut ut quam.\n\nDolore est sed quaerat natus. Voluptate ut similique deserunt pariatur natus. Asperiores placeat eum cupiditate eos illo eius. Impedit eos praesentium sint.\n\nAb impedit totam ipsum. Et enim commodi sed sit voluptatem laborum. Corrupti voluptas et repudiandae.\n\nCorporis vero numquam omnis tempora omnis ipsum ratione. Excepturi aliquid distinctio eum qui quo. Dolor omnis saepe mollitia.\n\nEa alias placeat magni illum. Minima id dolor possimus commodi excepturi dolores in. Quas vel aut aut vitae optio esse culpa. Fugiat maxime et perferendis et et modi dolor.\n\nHic et quo et ut. Quas aut consequatur omnis alias repudiandae quia esse. Aliquam repudiandae aliquid doloremque nulla nam placeat corporis est.\n\nAd consectetur quibusdam rerum dolore dolorem cumque sed. Quia illum quae voluptas laudantium aut voluptatibus. Mollitia vitae iusto illo repellat aut quasi odio. Perspiciatis dignissimos dolore necessitatibus dolores consequatur aut nesciunt.\n\nRem perferendis nihil maxime velit. Sed ipsum soluta quos aliquid distinctio. Libero et inventore et ex.\n\nFacilis repellat quisquam quo maxime explicabo. Dolor occaecati est iste fuga distinctio velit animi consequatur. Quia et veniam pariatur.\n\nA autem sit nemo animi et repellendus et. Et molestiae corporis et impedit optio non. Autem neque laudantium vel ut est asperiores iusto. Suscipit et rerum officiis magnam aut consequatur tempore occaecati.', 8, 6, 27, 10, 310, 1, 306.9, NULL, '2022-11-08 20:48:31', NULL, 0, 0);
INSERT INTO `books` VALUES (5, 'Dolorem iusto omnis voluptatem in et in expedita aut quasi vel impedit id.', 'eius-accusantium-tenetur', 'Id ut ullam est et id assumenda. Molestiae repudiandae ad velit dolorem nobis. Tempore praesentium ut blanditiis voluptate quam unde non. Iste odio natus distinctio id impedit.\n\nDicta provident veniam dolores temporibus. A sequi enim esse cupiditate possimus et explicabo impedit. Omnis ipsa voluptatum dolor accusamus et.\n\nVoluptatem animi sit eius sunt dignissimos ipsum voluptatem. Error accusantium velit nostrum maiores. Voluptatem aut repellendus sunt. Consequuntur minima nisi vel omnis.\n\nAmet alias eius vel debitis dolorem. Laudantium consequatur provident perferendis dolorem provident non. Quibusdam accusamus vitae quis et.\n\nExpedita rerum cum fugiat. Omnis labore aut laborum quia odit sit. Voluptatem saepe numquam et sint libero sunt maiores. Similique dolore nihil illum aut nihil maiores id veritatis.\n\nSapiente ratione itaque facilis laudantium nesciunt. Et cumque veritatis quia est facere molestiae. Voluptatibus asperiores eum ducimus consequatur vero totam recusandae. Cum veniam et maiores dolorem.\n\nEos accusantium rem recusandae ipsam dignissimos. Dolorum omnis temporibus amet in perferendis nisi.\n\nExpedita est suscipit atque reiciendis ratione voluptate qui. Nulla quia delectus et praesentium consequuntur magnam. Ut maiores eum sequi officia labore autem. Eligendi quae iusto quo earum.', 5, 6, 21, 37, 289, 4, 277.44, NULL, '2022-11-08 20:48:31', NULL, 0, 0);
INSERT INTO `books` VALUES (6, 'Et omnis eius reprehenderit quod modi dolorem.', 'repellat-laborum', 'Quisquam praesentium laudantium totam voluptatem omnis nobis necessitatibus. Numquam non architecto molestiae necessitatibus qui ducimus sit. Quibusdam adipisci distinctio eum culpa nobis magnam.\n\nNumquam numquam esse dignissimos libero illum iusto nemo. Omnis rem alias ipsam sunt quis illum est in. Praesentium rerum magnam quo et eligendi. Voluptas amet nihil aspernatur aspernatur.\n\nLaborum nobis harum consectetur nostrum. Molestiae tempora vel cum. Iure aut aut dolorum quam inventore. Voluptatem aliquid cum sed aliquam nihil et.\n\nAssumenda est et iste officia nobis. Quasi quos voluptas et. Et delectus vel repellendus assumenda deserunt quam.\n\nAliquam suscipit repellat consequatur optio iusto in. Dolor ab aut laboriosam omnis id eaque. Consequuntur officiis quis iusto molestiae est minus.\n\nVeritatis et beatae quasi labore aut non voluptate. Sint at quidem consequatur nulla. Recusandae eaque eum reiciendis a et. Quisquam quo eum sapiente velit. Possimus architecto dicta atque cumque autem sapiente delectus.\n\nVeritatis fuga minus tenetur molestiae non officia ea. Voluptatem quia qui quo libero aut deserunt quia.\n\nFacilis iusto eligendi consequatur et assumenda. Doloribus repellat facilis porro. Ut ea amet vel quo doloremque voluptate explicabo. Nostrum quis in consequuntur repellendus sint hic nihil.\n\nMolestias ipsa sed debitis qui. Nulla fugiat odio blanditiis eos modi alias omnis. Magni molestiae explicabo officiis quia molestias incidunt incidunt. Earum itaque molestias deserunt ut qui voluptas.\n\nLaborum iusto reprehenderit et corporis. Iusto at eos voluptas facilis quam aspernatur odit. Eos consequatur optio ad perferendis sed quo.\n\nMagnam ea at ipsam vitae quae. Nobis aut ad omnis veniam eaque. Qui error recusandae placeat aut consectetur qui quia.', 6, 2, 11, 34, 265, 5, 251.75, NULL, '2022-11-08 20:48:31', NULL, 0, 0);
INSERT INTO `books` VALUES (7, 'Maiores rerum voluptas voluptatem doloribus tempore ea hic sed.', 'quae-pariatur-voluptatem', 'Et a corporis facilis ullam et voluptatem est. Molestiae quae mollitia quisquam dignissimos expedita reiciendis sint.\n\nVelit nesciunt molestiae tenetur cumque et. Quis totam officiis nam qui deserunt rerum. Molestiae quia at quis.\n\nEx natus mollitia minima doloremque. Sunt dolorem adipisci expedita aliquid facilis sit. Dolorum et quibusdam omnis. Reprehenderit aliquid tenetur aliquam eos et molestiae explicabo. Consequatur atque recusandae voluptatem excepturi.\n\nEst et et et dolorem blanditiis. Et optio aut enim eum dolore. In voluptas vero eligendi ut et magni officiis. Autem ut blanditiis voluptas facere ea corrupti ratione.\n\nConsequatur eveniet sint vel culpa adipisci ducimus quia atque. Deleniti dolore quis qui quidem voluptatem vitae eaque deserunt. Voluptatem aut est dolores sint et voluptatum.\n\nVoluptatem culpa exercitationem enim rerum culpa ut ut. Cupiditate sed quas dolorem quas porro molestiae. Quas voluptates accusantium consectetur fugit voluptas. Culpa reiciendis voluptas eius quibusdam minima rerum itaque. Quaerat deleniti ad eum odio.\n\nQuidem velit doloremque earum dignissimos facere eos rerum. Non ex dolores ut quia animi.\n\nQuia sit eos perferendis sunt. Non quos rerum quia adipisci blanditiis id omnis. Cum ex quia autem est deserunt ex.', 1, 5, 22, 27, 345, 0, 345, NULL, '2022-11-08 20:48:31', NULL, 0, 0);
INSERT INTO `books` VALUES (8, 'Quia sed provident non et quisquam eligendi modi ullam veniam et architecto quos maxime.', 'beatae-rem', 'Velit doloremque totam ut consectetur possimus quasi. Voluptas doloremque illum sint eveniet itaque eligendi et autem. Occaecati qui quia aliquam sed exercitationem iure voluptatum adipisci. Iste amet aperiam voluptas laboriosam et sed. Et unde nisi aut dolore est sit unde.\n\nAnimi voluptatem nobis et quos officia rem. Ad rem veritatis odio blanditiis minus. Vel corporis quod incidunt numquam autem occaecati fugit ea. Voluptatem adipisci aut veritatis excepturi.\n\nEnim recusandae nobis officiis quo fugit reiciendis iure autem. Consequuntur tempora laborum et delectus. Rerum molestiae beatae temporibus doloribus inventore inventore ut quae.\n\nReprehenderit fugit tenetur dicta deleniti maxime ut odio expedita. Id magni aut voluptas ipsam neque incidunt aliquam. Corrupti odit saepe iste quod nobis error.\n\nModi rerum et quia ipsum laborum. Iste natus perspiciatis laboriosam voluptatibus. Id et hic voluptatem delectus quo quo aliquam.\n\nRerum iure itaque fuga suscipit doloremque. Ab tempora ut ad necessitatibus. Occaecati et voluptatem nesciunt rerum laboriosam.\n\nQui nostrum quasi accusantium porro id eaque mollitia. Rerum qui rerum totam nam. Cum ut dolor laboriosam voluptas ab iste cumque.\n\nQuo molestiae nemo sunt. Maiores fuga et exercitationem non et. Est dolores velit hic quia nostrum ut.\n\nNemo sint deserunt itaque nihil veritatis ipsam et delectus. Temporibus officia dolorum sit consequuntur. Omnis iste rerum quidem tempore.\n\nQuo nulla rem voluptatem illo reiciendis nobis. Et dolorem mollitia sed exercitationem a dolor sint quasi. Dolorem accusamus eius eveniet et earum sed.\n\nDolorem repellat incidunt veniam repudiandae. Dolore et et ea optio.', 2, 6, 15, 12, 343, 1, 339.57, NULL, '2022-11-08 20:48:31', NULL, 0, 0);
INSERT INTO `books` VALUES (9, 'Sint ea libero voluptatum id quis ut rem hic est dignissimos.', 'ab-soluta-animi-enim-a', 'Dicta qui aperiam molestiae iusto rerum deserunt saepe. Occaecati dolorum eos magnam quia. Et nemo quos placeat numquam voluptas sed hic eveniet. Accusantium dolorum et incidunt voluptatem.\n\nEt ipsa alias et alias. Corporis beatae officiis amet ut et. Debitis dolorem modi earum omnis.\n\nBeatae voluptatem nam aut. Unde explicabo accusamus delectus dolor cum vitae. Et in est magni reprehenderit laborum et est.\n\nQuo quae cupiditate sed nisi. Voluptatem dolores et impedit dolores est sint occaecati impedit. Ut quia quaerat tempore voluptate.\n\nQuo hic fuga occaecati perspiciatis deserunt aspernatur beatae. Ab rerum doloribus enim nostrum. Esse illum enim at. Nemo alias vero architecto porro nulla temporibus.\n\nOccaecati exercitationem sit aut non quasi voluptatem cupiditate quo. Sit velit sunt in provident consequatur eum. Sint magnam est dolore sint deserunt. Quia ut ab aliquid.\n\nUt assumenda exercitationem aliquid repudiandae repudiandae debitis culpa. Velit ipsa est modi similique. Reiciendis eligendi id aperiam. Tenetur deserunt et dolorem quos veniam.\n\nDolor distinctio aspernatur cum quam. Occaecati accusantium ipsa veritatis nemo voluptas asperiores sed ut. Fugit qui ut voluptas et sit. Recusandae quam impedit modi veritatis.\n\nAut totam modi aut debitis ut sunt possimus debitis. Soluta ab consectetur sit qui odit. Molestiae commodi fugiat exercitationem harum rerum. Numquam ut autem et non quod rerum.\n\nVoluptatibus non accusamus doloremque inventore qui. Dignissimos in recusandae autem itaque. Quae repudiandae quia est aut error mollitia laborum.', 2, 4, 9, 37, 326, 3, 316.22, NULL, '2022-11-08 20:48:31', NULL, 0, 0);
INSERT INTO `books` VALUES (10, 'Numquam voluptas at maiores sit amet itaque voluptas et.', 'voluptatibus-possimus-deserunt-qui-voluptas-ut', 'Quisquam nesciunt enim ut itaque possimus pariatur. Eveniet recusandae quasi accusamus rerum et. Eos debitis aut reprehenderit sed alias mollitia. Doloribus aut recusandae laboriosam.\n\nVoluptates labore voluptas tempora dolorum quae sint quibusdam. Eos alias ad nobis. Ea qui omnis aut et placeat veniam.\n\nRerum rerum ipsum aut doloremque eum. Sit doloremque rem quasi quas sunt quisquam enim. Molestiae aut et doloribus. Delectus aut est dolor distinctio.\n\nVoluptatum modi consequatur provident quia voluptas. Rerum aut occaecati omnis ut rerum quis. Vitae quia qui est consequatur maiores consequatur nihil.\n\nIure ratione eaque cumque consequuntur quia quo. Blanditiis molestias beatae fugiat voluptatem et quas eum. Aut autem et dicta fuga praesentium doloribus. Optio harum nam aut.\n\nAdipisci ut ut earum facilis occaecati magnam. Eaque est voluptatibus est ea minus. Et corporis id beatae odit. Possimus nesciunt corrupti est ut voluptas nulla.\n\nQuaerat accusamus ea error impedit qui omnis saepe minima. Veniam recusandae ad dolor eius et pariatur ut. Voluptas harum quos amet.\n\nEnim hic soluta est veritatis officia. Qui aliquid voluptatum consectetur dolores iste in non. Quis sed placeat aut quia voluptatem quibusdam aut aliquid.\n\nVel consequatur voluptatem qui. Ut impedit iure nam perspiciatis assumenda quia et. Impedit doloremque fugiat doloremque laboriosam officia aliquam. Aut qui unde ratione est.\n\nEius ratione vero sed ad totam amet. Animi vitae aliquam nam sed velit. Vitae adipisci cum aperiam dolor. Dicta doloribus ipsum consequatur corporis.\n\nRerum velit magnam autem nobis totam. Voluptatem vel qui ducimus dolorem. Non nulla non labore qui. Aut labore sequi temporibus sequi placeat ipsum consequatur.\n\nNon consequatur voluptas voluptatibus ipsa rerum rem cupiditate ratione. Soluta et laudantium doloremque fugiat qui facilis et. In provident et molestiae dolorem placeat sint porro. Soluta possimus voluptate corporis excepturi officiis recusandae incidunt.', 1, 1, 14, 19, 307, 1, 303.93, NULL, '2022-11-08 20:48:31', NULL, 0, 0);
INSERT INTO `books` VALUES (11, 'Odio sit voluptate sed hic dolorem est qui quis vel et doloremque.', 'soluta-dolorem-enim-quaerat', 'Voluptatem vel in sunt. Quam aut dolor sed nihil et. Quis eveniet consequatur impedit sed.\n\nCum incidunt necessitatibus ut totam explicabo. Expedita consequuntur molestias laudantium exercitationem et vero in. Asperiores reprehenderit unde velit doloremque.\n\nEst necessitatibus autem earum repudiandae quas occaecati libero. Enim deleniti commodi facere consequuntur totam quia laborum. Aut hic expedita similique maiores.\n\nSapiente ducimus vel et mollitia. Doloribus vel animi praesentium. Ut et alias sequi consequatur id impedit tempora. Eligendi perspiciatis explicabo voluptatem.\n\nEt maxime et aspernatur vero voluptatum ducimus omnis. Est maxime et molestias eos mollitia est. Aliquid natus qui nobis. Illo quia provident molestias.\n\nSed et facere in rerum. Dolores et ea est eaque aliquid. Eaque ipsam vitae perspiciatis repellat dolor.\n\nTotam ut consequatur odit ad dolores et. Accusamus accusamus amet ut explicabo adipisci quis totam.\n\nAutem aperiam sed natus aperiam pariatur iusto fugiat. Animi aut minus ullam dolores deserunt voluptatem. Nostrum neque sed quaerat consequatur alias sit velit.\n\nUt inventore sunt accusantium eum dicta et distinctio voluptatem. Sunt saepe sequi aliquid sit eligendi et. Nisi sunt consectetur omnis quam quibusdam hic.\n\nMolestias laborum in fugiat. Consectetur voluptas quidem est nihil sint.\n\nUt velit numquam commodi est non nemo est. Quae exercitationem quod accusantium nemo. Id quos accusantium unde sint voluptatum dolore sed. Eum reiciendis ullam rerum qui.', 2, 4, 19, 17, 380, 0, 380, NULL, '2022-11-08 20:48:31', NULL, 0, 0);
INSERT INTO `books` VALUES (12, 'Reiciendis eius impedit ut consequatur et in itaque est.', 'aperiam-quidem-aspernatur-sit-dolorem', 'Consequuntur vitae aliquam in corrupti omnis soluta. Et qui aspernatur id. Nihil odit quo atque mollitia possimus.\n\nAutem qui ipsum laborum sit nisi ducimus sit. Eaque et quis quas aut. Sint minus minima aut qui fugit et. Minus voluptatem id sed qui.\n\nAutem eaque dolorum ratione vitae. Explicabo aspernatur veniam facere culpa repudiandae. Vero quidem aut nulla iste tempore.\n\nEst explicabo qui dignissimos eligendi ipsam quibusdam minima. Optio voluptatem voluptatem et non. Magni et architecto eum cupiditate modi.\n\nAut nam animi reprehenderit possimus voluptatem et perferendis tenetur. At autem tenetur beatae tenetur. Ea doloribus corrupti maiores vitae voluptate.\n\nRepellat iusto culpa nostrum dignissimos aliquam. Dolore magni culpa officia iusto.\n\nOmnis quia doloribus consequatur aliquam vel at accusamus et. Rerum ratione magnam atque vel eaque cum iusto sequi. Vero assumenda est aut necessitatibus rem.\n\nVoluptatum tempora in iusto. Dolorem porro earum eaque quisquam ex. Qui hic qui provident. Repellendus voluptatem nesciunt et quo id numquam.\n\nOfficiis rerum voluptas recusandae et et. Rerum molestiae sequi vero sunt. Iure veniam non eos autem aut. Quae illum enim maxime nam odit aut.\n\nEt quasi fugiat consequatur placeat est ut nihil. Temporibus ipsa atque porro nulla. Itaque quis id quas molestias in dignissimos qui. Culpa autem quam praesentium non facere.', 3, 5, 15, 36, 281, 3, 272.57, NULL, '2022-11-08 20:48:31', NULL, 0, 0);
INSERT INTO `books` VALUES (13, 'Ab ut amet veritatis ut numquam et.', 'esse-officia-et-dolorem-fugit', 'Delectus enim consequatur ipsa. Quibusdam sint mollitia nam praesentium. Laborum veritatis repellat saepe et nobis ut error beatae.\n\nAutem qui nisi ut nostrum distinctio. Nam iste neque et ab.\n\nFacilis architecto dolor tenetur inventore impedit in officiis labore. Qui deleniti a quos magnam. Nostrum minus ut deleniti ut consequuntur nihil voluptas recusandae.\n\nIusto consequuntur recusandae rerum quidem quae. Facere sed animi molestiae magnam nihil in deleniti. Deleniti et omnis magnam id ea eveniet.\n\nCupiditate expedita natus excepturi. Quos et iste laboriosam tempora.\n\nDolorem tenetur expedita incidunt at doloribus. Nihil unde eius cum est. Quisquam quia suscipit et sit. Dolorum minus magni est accusantium recusandae.\n\nQui non inventore nihil est odio consequuntur. Sint sunt assumenda dolorem molestiae. Inventore et rerum est ipsa blanditiis optio totam.\n\nOccaecati consequuntur ut voluptas autem optio. Repudiandae amet et repellat molestias sequi aut. Perferendis voluptatem tempore possimus.', 6, 1, 5, 23, 307, 5, 291.65, NULL, '2022-11-08 20:48:31', NULL, 0, 0);
INSERT INTO `books` VALUES (14, 'Distinctio consequuntur reprehenderit aspernatur aut voluptate consequatur consequatur corrupti sit sequi aspernatur dolor voluptatibus.', 'iusto-sed-eius-quod-facere', 'Omnis vitae aliquid et delectus iste. Quasi aliquid rerum dolorem magni aperiam cupiditate quia.\n\nQuos est aut nihil adipisci. Ab aliquam et dolorem ut aut nemo quia. Perspiciatis dolor enim ut a omnis laborum sunt. Corrupti et quis vel modi.\n\nQuas nobis reprehenderit iure nihil quia repellendus aliquam. Voluptas voluptas possimus incidunt totam. Ab excepturi dolores in iusto. Sed ipsa sint asperiores quia id ad dicta. Delectus incidunt excepturi modi soluta.\n\nSequi aperiam assumenda optio adipisci debitis. Perspiciatis voluptatem eos quia sed ipsa. Voluptas numquam vel et consequatur.\n\nAtque perspiciatis molestias modi ut impedit. Cumque veniam eius et. Et earum maiores tenetur quibusdam aspernatur necessitatibus natus. Ratione at cupiditate est.\n\nIpsum error et excepturi officiis et delectus ut. Illum quis ipsum eaque sit illo nemo. Et accusamus consequatur ut qui. Fuga a consequuntur officiis dolor iure est.\n\nIn dolores quas quasi a est quos. Nesciunt repellendus recusandae expedita enim et. Nemo voluptas quia sed veniam quod.\n\nRerum magnam vitae molestias sit error dolores vel. Quod saepe laudantium accusamus sit voluptatibus qui voluptatem. Perferendis molestiae placeat et sed quis incidunt.\n\nPlaceat dolorem nihil repellendus. Quasi nobis cumque non blanditiis. Voluptate eveniet a rem dolor excepturi aut libero qui.\n\nCum ut fuga nam similique ut sit. Non dolor quos id. Sed sed omnis sunt fugiat est. Eveniet aut est repudiandae doloribus beatae debitis odio.', 5, 4, 1, 39, 298, 4, 286.08, NULL, '2022-11-08 20:48:31', NULL, 0, 0);
INSERT INTO `books` VALUES (15, 'Eveniet aut corrupti error dignissimos ea et sit.', 'temporibus-et-expedita', 'Sunt nulla a laborum sit et atque fuga. Ea accusantium perspiciatis sit quidem. Alias sint aut rerum quis vel omnis.\n\nOmnis et ut sapiente veritatis. Doloribus sed eum sapiente saepe quia ab. Ipsa corporis voluptatem excepturi et minus ducimus ut.\n\nConsequatur numquam rerum quia temporibus. Eos numquam cum temporibus rerum possimus. Cupiditate molestias officiis voluptatem totam. Asperiores quo fugiat omnis corrupti rerum ad et. Fugiat officia ad illo exercitationem consectetur.\n\nDoloremque libero sint quo veniam. Ab dolores quia quo sit minus et. Pariatur est excepturi ipsum in corporis neque libero. Enim totam nostrum quis deleniti et.\n\nEst totam minima rem qui. Autem ratione atque in repellendus. Reiciendis dolor itaque ut adipisci et.\n\nIpsum vel reiciendis in veniam eveniet sit. Ipsum ut aut repellat officiis repellendus repellat reprehenderit. Et asperiores eius ipsum distinctio. Qui laudantium et nesciunt dolorem accusantium facere rerum.\n\nMagnam tempora atque in omnis labore dolore ducimus. Aut eum culpa ullam asperiores rerum. Vel in sint voluptatem totam. Sit mollitia quas illo amet nostrum.\n\nEum quo excepturi recusandae magni iusto. Iure id voluptatem qui fugiat beatae enim. Beatae possimus non inventore qui.', 5, 4, 10, 27, 295, 3, 286.15, NULL, '2022-11-08 20:48:31', NULL, 0, 0);
INSERT INTO `books` VALUES (16, 'Voluptatum adipisci dolor id sint amet rerum dolores perferendis nostrum.', 'et-numquam-sed-sit-doloremque', 'Accusantium omnis unde impedit quia quis et qui ut. Architecto qui officiis eius sed error dignissimos officiis. Nihil asperiores aut fugiat ratione deserunt vero saepe quas.\n\nNatus laboriosam dolor ut dolores assumenda eaque atque doloribus. Pariatur sed tempore tenetur et dicta eum. Illo occaecati et deserunt id facere quia. Itaque vel et omnis unde. Aliquam quaerat facere et.\n\nSuscipit qui sit quam modi. Et dolorum incidunt amet. Consequuntur impedit non ad nulla molestiae vel provident.\n\nConsectetur soluta qui magnam repellendus reiciendis praesentium. Enim consequatur fuga qui rerum et. Optio unde dignissimos qui aut et molestias est.\n\nLaudantium placeat quia eum totam quis facere aspernatur. Magnam perferendis quis quia optio ut voluptas debitis dolorum. Exercitationem non voluptatem vel ad nesciunt ullam.\n\nPorro modi officiis fugit repellendus nam adipisci omnis. Voluptates ut voluptatum et voluptatibus. Nesciunt sint sit ut rerum hic ut.\n\nEst neque ipsum quo reiciendis. Et enim nisi enim eligendi voluptatum accusantium doloremque quod. In deserunt in illo dolorem non voluptas.\n\nPossimus odio reprehenderit aut reprehenderit nostrum consequatur. Sit harum ipsum et minima sit asperiores eos accusantium. Voluptas harum cum numquam facere tenetur quam consequatur repudiandae.\n\nIn autem sed temporibus incidunt. Aut eligendi sed ipsa modi earum asperiores quod. Aut earum deserunt occaecati quia culpa eum voluptatibus. A voluptatem at ut nihil similique repellendus et.\n\nFugiat temporibus vero doloribus recusandae nemo est autem. Blanditiis tenetur dicta expedita aut. Error asperiores et est quam nobis. Ullam debitis voluptatem blanditiis nam.\n\nNostrum sunt quis dolorum nulla. Blanditiis quae sit officiis consequatur quia saepe est. Nostrum nesciunt expedita sequi eius consequuntur iste.', 6, 1, 17, 30, 338, 3, 327.86, NULL, '2022-11-08 20:48:31', NULL, 0, 0);
INSERT INTO `books` VALUES (17, 'Unde nesciunt saepe aperiam quaerat id maxime.', 'culpa-omnis-nesciunt', 'Voluptas enim eos molestiae dignissimos. Tempore quia qui ab voluptatem aspernatur. Consequatur tenetur aut in id velit perspiciatis.\n\nEveniet cumque autem quasi dignissimos consequatur eos distinctio consectetur. Eos harum sunt quia molestias inventore ut architecto. Sapiente earum sed expedita repellendus qui alias. Minima veritatis aut in dicta.\n\nQuisquam in ratione vel modi aut explicabo. Nostrum suscipit voluptatem molestiae blanditiis harum. Quia soluta rerum itaque laborum dolores. Excepturi enim officiis non voluptatem.\n\nSit sunt similique debitis. Sapiente dicta tenetur expedita inventore voluptatem et. Perferendis et eaque iste. Neque et aut eos enim illo.\n\nSoluta aut fuga quaerat enim sunt rem. Eius fuga qui id eos ipsum quas qui. Cumque asperiores necessitatibus modi optio corrupti repellendus illum. Optio odio incidunt ab qui aliquid voluptas dolor corporis. Accusantium autem assumenda fugiat vitae molestiae.\n\nUt ipsum asperiores architecto et. Nesciunt aliquam voluptas ut consequatur qui eum. Et illum voluptate impedit veniam ullam. Illum ducimus voluptas rerum officiis voluptatem corrupti voluptatem.\n\nOfficiis labore omnis quia qui minima eaque nostrum accusantium. Et rerum quo voluptas error. Et quis ut sit expedita. Amet aut aliquid iusto velit corporis nesciunt.\n\nLibero officiis et omnis ut maxime. Est laudantium animi modi fugit repellendus reprehenderit. Dolor alias doloribus soluta ipsam eligendi maiores reprehenderit. Repudiandae iure quia quidem.\n\nRem quos qui consequatur dolorum est. Nihil aut officiis molestiae nisi voluptates dolore in est. Magni delectus quia hic. Eius optio aspernatur eos fuga.\n\nSaepe possimus est quos repellendus veniam officiis. Libero rem eveniet eveniet dolorem consequatur molestias exercitationem. In ducimus amet tempora quae distinctio maiores sequi.', 6, 2, 12, 36, 389, 4, 373.44, NULL, '2022-11-08 20:48:31', NULL, 0, 0);
INSERT INTO `books` VALUES (18, 'Quo velit nihil iure distinctio fugiat enim ipsum numquam aut rerum sed facere ut.', 'nisi-eum', 'Sequi et exercitationem quae eos. Voluptatem esse velit necessitatibus et quia ducimus enim. Quaerat optio officia sint aut saepe iste dolorum ut. At molestias minus delectus deserunt quos deserunt voluptas ad.\n\nSint ut provident quaerat eum corrupti quia. Consectetur in deleniti fugit sit cupiditate ab tempore.\n\nQui qui molestiae voluptates. Odio suscipit ea quas eligendi et. Repellendus blanditiis voluptate vel dolore tenetur.\n\nOfficiis molestiae sed quis neque eveniet eveniet. Numquam id nisi nemo sit vel mollitia.\n\nUt officiis quia quis occaecati impedit aut quam in. Veniam magnam earum molestiae vel. Commodi in voluptas laudantium nisi ea aliquam est. A dolorem quis ex rerum sit.\n\nQuia libero et nihil facere rem perspiciatis laudantium quia. Impedit qui voluptate aut fuga atque molestias nemo. Et est asperiores iusto qui illum illo recusandae.\n\nLibero iste ut quia necessitatibus sint corrupti magnam. Voluptatem aliquid sed earum et est architecto ea.\n\nQuia delectus nobis fugiat aut alias. Consectetur sit fugiat delectus nihil aut nihil sed. Eius nobis itaque veniam consequatur non mollitia omnis. Praesentium aut nemo quibusdam molestias quia.\n\nA distinctio officiis quaerat impedit non dolor. Necessitatibus facere ut incidunt provident inventore expedita. Vitae maxime cupiditate veniam dolor est.', 6, 1, 30, 19, 337, 4, 323.52, NULL, '2022-11-08 20:48:31', NULL, 0, 0);
INSERT INTO `books` VALUES (19, 'Sed quia asperiores fugiat animi repudiandae nostrum vitae consequatur possimus et amet ea.', 'ut-ratione', 'Vel assumenda ut minima. Ea dicta et nostrum distinctio qui eos vel. Asperiores culpa corrupti non vitae. A ab quo quod saepe ex ab sunt qui.\n\nSunt odit aut adipisci dolores nobis totam nisi. Unde temporibus magni quisquam est id. Hic non facilis suscipit neque. Accusantium voluptatibus eaque praesentium quasi quidem.\n\nDoloribus velit impedit rerum delectus corporis recusandae est. Illum voluptates est et aperiam nisi natus voluptates esse. Optio non consequatur ducimus. Quia voluptas vitae et laborum mollitia ad. Consectetur aut tenetur similique aperiam.\n\nMaiores minus sed nihil quibusdam maxime. Quam temporibus accusantium repellat sunt ea necessitatibus et. Veniam consequuntur minima voluptatem recusandae quae possimus doloremque. Nihil ut expedita ullam ipsam deserunt possimus. Et et voluptatem pariatur iusto sint maxime dolore veritatis.\n\nUt at aut maxime repellat qui. Voluptas dolores asperiores error odit. Voluptatem assumenda voluptatem mollitia officia. Quis itaque voluptas architecto.\n\nRecusandae at amet et nisi. Blanditiis qui id corrupti esse ipsa. Rem iusto provident ducimus maxime placeat. Unde debitis alias distinctio minus sed.\n\nSaepe eum similique et aut aut. Consequatur harum sunt id perferendis praesentium. Voluptatibus et iusto totam. Earum ut tempora est debitis.\n\nDelectus et necessitatibus voluptatem odit rerum beatae consequatur. Sunt occaecati aut fuga necessitatibus molestias cupiditate. Dolor quia quisquam eaque sed esse.\n\nQuo animi quaerat animi beatae nihil sint mollitia. Repellat facilis cumque provident. Ad pariatur minima placeat facere dolorem. Nemo illo nostrum voluptatem laborum nihil tenetur sed quasi.', 8, 5, 5, 21, 303, 5, 287.85, NULL, '2022-11-08 20:48:31', NULL, 0, 0);
INSERT INTO `books` VALUES (20, 'Veniam pariatur officiis sed officia necessitatibus.', 'voluptas-animi-dolor-autem-quia', 'Et labore vitae eos facere est eaque nobis. Cum natus inventore consequatur numquam qui. Dolorem at at similique vel corrupti. Occaecati dolores est recusandae perferendis et aut voluptatem.\n\nEt ut sequi magnam aut sunt dolorem ea. Dolorem nulla consequatur dolorem ut nulla quod maiores expedita.\n\nEt ea explicabo id dolor aut qui praesentium aspernatur. Omnis vel iure dignissimos ut. Tempora ut et est magni qui quia.\n\nEst veritatis voluptatem nam qui quia. Fugit vero molestiae eos iste atque eius. Iusto impedit quas nobis quaerat ducimus.\n\nConsequatur illum voluptas in. Et qui incidunt ab non nobis eligendi cupiditate. Asperiores ut dolorem vel vitae eum et dolor consequatur.\n\nSint accusamus ipsa nesciunt. Porro alias molestiae sunt id. Sed aut voluptatem eum dolores ut repellendus iusto. Omnis temporibus dolores repellat earum. Nulla ut facilis id non excepturi modi explicabo.\n\nDelectus similique quam corrupti quidem ut. Exercitationem optio non quasi numquam facilis a. Quod ad quis aliquid ea. Reprehenderit qui est repellendus dolorem ab et enim.\n\nAlias perspiciatis saepe quia facilis voluptatem. Qui voluptate fugiat in maiores quo aut illum autem. Corrupti ex odit consectetur mollitia facilis perspiciatis.\n\nOmnis quisquam numquam sunt voluptates fuga. Et sunt tenetur sapiente facere. Distinctio voluptatem cupiditate pariatur id. Animi corporis excepturi accusantium eum. Earum qui ut occaecati dolores fuga voluptatem aliquid.', 5, 2, 4, 33, 253, 1, 250.47, NULL, '2022-11-08 20:48:31', NULL, 0, 0);
INSERT INTO `books` VALUES (21, 'Est atque est dolores quia ut quam inventore odit perspiciatis ut sed accusantium eum consectetur qui eius.', 'eius-magnam-quas', 'Libero magnam itaque eos corporis optio vitae repudiandae. Et quo dolor et eveniet. Beatae sed ut inventore quos quaerat porro.\n\nVoluptatibus voluptas voluptatum ipsam suscipit. Sed aut explicabo iure voluptas quia. Qui odit quisquam magnam est consequatur aperiam sed.\n\nEx laudantium quia repellendus doloremque repellendus at ducimus. Ea voluptatem accusamus pariatur consectetur est. Quis nobis optio est.\n\nHarum placeat cupiditate odit sint quis voluptas. Perspiciatis reprehenderit cupiditate dolorem sit nostrum optio quae aut. Ipsum reiciendis et perferendis tenetur et repudiandae laborum. Doloremque ut iure aut sit vel dolorum.\n\nVoluptatem quae totam delectus voluptas. Non labore sed inventore. Tenetur voluptatem aut eum non possimus est similique. Rerum reprehenderit dolores aut deserunt impedit aut nisi.\n\nEos sint vel velit ipsam porro. Velit consequatur aut nobis rem quos. Quasi impedit ipsa dolorem laboriosam sunt.\n\nPerspiciatis ab autem corporis magni perferendis eos quia consequatur. Qui ad nam qui dolores. Hic sit veniam tempore et.\n\nDoloribus deserunt qui repudiandae non quia quae magnam. Et eos aperiam fugit quia. Doloribus autem pariatur illum et dicta debitis. Cumque harum ducimus sed est sed quia provident. Debitis dolore blanditiis debitis exercitationem reprehenderit omnis.\n\nVel necessitatibus eum voluptatibus sequi iste magnam. Nostrum sed et veniam odio cum aliquam. Laborum doloremque necessitatibus eum quae aut ab.\n\nConsequatur id rerum est quis qui cum. Est quas laborum ratione et id omnis.\n\nQui assumenda nihil sit ut earum illo. Dolorem aut quo est atque unde. Laborum et et sint et possimus quibusdam. Veniam neque ipsa dolorem non.\n\nAut et et aperiam. Sunt aspernatur atque voluptatibus et. Repellat esse harum nobis quod. Et nulla magnam harum mollitia ex iusto rerum.', 6, 6, 25, 31, 385, 0, 385, NULL, '2022-11-08 20:48:31', NULL, 0, 0);
INSERT INTO `books` VALUES (22, 'Fugiat quibusdam cum in est magnam ut autem quia perferendis.', 'dolorem-quibusdam-consequatur-sit-est-et', 'Dolorem aut laboriosam nemo reprehenderit vel provident. Voluptatum molestiae eligendi velit. Ex atque ut necessitatibus maxime nemo totam. Quidem voluptatum dolor pariatur id aut et qui.\n\nDeserunt sit omnis amet placeat necessitatibus ipsa. Sed dolor occaecati harum. Amet enim aut et. Omnis aut est exercitationem consequatur.\n\nNumquam possimus laudantium voluptatibus et. Nemo debitis voluptatem laboriosam non. Cupiditate suscipit ullam temporibus eius. Tenetur fugit harum qui magnam.\n\nLaudantium hic atque maxime nobis voluptate. Totam nam velit magnam illo magnam non.\n\nIste tempora maiores aliquid. Aperiam vel aliquam voluptatibus totam dolor nemo. Voluptatem veritatis exercitationem numquam soluta tempore hic.\n\nSuscipit tempora modi ea aliquam. Non non rerum libero placeat et tempore. Minus deserunt qui repellendus recusandae. Molestias dignissimos quidem ut fugit. Porro nesciunt numquam reiciendis nemo adipisci.\n\nSed consequatur voluptate pariatur magnam voluptates et. Ut sed consequatur rerum voluptas autem aut. Consequatur libero accusantium perspiciatis velit voluptates ratione eveniet sed.\n\nEst placeat quia qui molestiae reiciendis assumenda qui. Corrupti expedita perspiciatis pariatur minus id adipisci voluptatum blanditiis. Officiis explicabo incidunt harum architecto rerum voluptatem dolore.\n\nDebitis et non voluptatem. Cumque nulla sed laboriosam qui. Et quibusdam dicta dolorem consectetur sapiente. Ducimus cumque aut laudantium laudantium perferendis hic ut.\n\nVoluptates dolorem dolorem cum nihil. Accusamus modi nihil fugiat iste ab nobis nihil praesentium. Omnis quia harum enim autem et sint voluptas.\n\nMaiores non beatae et praesentium tempore velit. Porro necessitatibus quas harum aliquid. Qui in ut sit sapiente sed perferendis natus. Velit perferendis provident magnam occaecati quisquam cumque nemo.\n\nEveniet atque ratione iusto voluptas est. Tempore velit neque libero beatae eligendi occaecati adipisci. Esse corrupti mollitia unde ullam. Quos voluptatem quibusdam ab enim qui voluptatem similique.', 8, 2, 19, 27, 348, 1, 344.52, NULL, '2022-11-08 20:48:31', NULL, 0, 0);
INSERT INTO `books` VALUES (23, 'Porro aliquid quo esse eius tempora exercitationem minus reprehenderit.', 'rerum-voluptate-fugit-fuga', 'In enim alias illum molestiae. Beatae et qui qui laborum enim. Delectus asperiores non deleniti magni minima.\n\nEst magni et sunt laborum vel. Rem quidem quia dolor eaque. Odit modi facere inventore cupiditate quae minima fugiat.\n\nExpedita occaecati culpa error optio temporibus. Esse aperiam adipisci dolorum tenetur iste repellendus. Ut excepturi sed ea nihil. Numquam cumque eligendi quia velit nostrum nihil natus.\n\nVoluptatem cumque hic voluptatem eum praesentium excepturi maxime. Quam illo facere pariatur ex et saepe.\n\nRerum aut officia architecto voluptatibus porro. Sit iusto qui ullam perferendis qui debitis. Dolores enim quod voluptatem sit amet rem. Neque atque numquam qui quia quis.\n\nQui cupiditate soluta facilis animi quo. Quia commodi tempore non qui. Rerum omnis nihil aliquam ea. Ea laborum rerum architecto. Ut voluptatem beatae blanditiis dolorum error deleniti debitis.\n\nVel iste libero voluptatem atque repellat sed ratione. Nisi quia ea reiciendis aliquid deleniti quia numquam. Error sunt sit excepturi natus molestias et. Non beatae animi corporis. Doloribus vero est ullam ut atque neque.\n\nNon sequi iste cupiditate. Ea architecto delectus adipisci perferendis qui. Omnis et tempore perspiciatis sit. Asperiores libero tempore culpa voluptatem quos.\n\nFacere incidunt nisi quis dolorem qui animi. Distinctio aliquam ipsum aut voluptatem. Ducimus officia libero ut.\n\nEst nihil quia eaque. Velit quia aliquid iste quibusdam. Eum est perferendis repellendus et impedit. Et dolor consequatur doloremque nostrum adipisci et et.', 6, 1, 21, 18, 359, 0, 359, NULL, '2022-11-08 20:48:31', NULL, 0, 0);
INSERT INTO `books` VALUES (24, 'Repudiandae temporibus eos in aut minima consequuntur nostrum quo sequi.', 'quae-ut-nobis', 'Omnis sapiente autem molestiae enim suscipit qui dignissimos. Provident delectus ut natus facere. Nemo officia hic magnam sint itaque est.\n\nPorro delectus et qui est voluptatum dolorum dignissimos. Natus quis accusantium perspiciatis debitis perspiciatis rerum. In harum omnis eum fuga dicta consequatur. Repellat iusto similique voluptatem quisquam officiis autem quis.\n\nMollitia fugit quia labore aut et sed alias. Repellendus architecto enim expedita autem non. Reiciendis nihil deleniti iusto atque neque commodi ipsam.\n\nVeritatis ut magni iste modi praesentium illum qui. Ut cupiditate amet fugit neque totam qui eius. Doloremque consequatur fuga quis ex.\n\nVitae et et odio dolores at. Voluptatem eaque possimus neque. Eum reprehenderit repellat enim est ipsam. Vel eos sunt est ab earum suscipit dolorem qui.\n\nEst voluptatem est aut necessitatibus enim et. Harum fugiat repellat voluptatibus repellendus sunt vel. Quis pariatur ab maiores consequuntur et est dolorem. Doloribus sint qui explicabo ut.\n\nSuscipit laborum soluta voluptatem et nihil eum. Qui a doloremque et quo enim quidem in.\n\nConsectetur non omnis nisi rerum nihil dolor. Qui nesciunt explicabo et dolor consequatur. Cupiditate sit sed asperiores quam. Voluptas provident in minima esse corporis et enim dignissimos. Corporis veniam sed officia qui illum.\n\nVoluptatem quia odio aut optio placeat soluta est. Optio et fuga dolorum iure exercitationem. Ab quia enim dignissimos perferendis inventore. Et neque officia qui aut nihil et.\n\nAut asperiores labore non sed. Consequatur odit voluptatum ipsam et. Nulla molestiae molestias repudiandae tempora nobis vero quos. Non velit officia earum dicta.', 2, 5, 25, 40, 351, 1, 347.49, NULL, '2022-11-08 20:48:31', NULL, 0, 0);
INSERT INTO `books` VALUES (25, 'Velit odit eum officia ut architecto ratione libero.', 'id-repudiandae-perferendis-aut-labore', 'Esse est et quos aliquam pariatur. Consequatur blanditiis aut quam velit architecto. Cumque eligendi molestiae minima nulla architecto quia modi.\n\nSit et sapiente aut enim molestiae unde aperiam autem. Dolore laboriosam sed quibusdam accusamus possimus aut debitis temporibus. Voluptatem dolorum voluptatem officia et in atque.\n\nAlias quae voluptatem eos iusto eos sit nihil odio. Quis neque voluptatem ut. Est et autem ullam voluptatem dignissimos.\n\nSed et ut rerum aliquid velit vel est. Libero est a qui qui. Accusamus quia sint doloremque deleniti.\n\nFacilis nisi magni doloremque. Neque dolor ut qui quisquam quas qui.\n\nPerspiciatis rerum tempora ut iusto molestias eum sunt. Quas optio perferendis distinctio dolorum quo omnis quasi qui. Nostrum non totam consequatur consequatur eum mollitia.\n\nQuaerat sunt voluptatem tempore eos est labore eos. Eligendi tempora qui illo harum sed. Sunt et rerum nisi qui enim commodi.\n\nEt minus maiores ut dolorem sit at. Quia voluptatem commodi alias reiciendis et aspernatur. Rerum eveniet expedita non expedita laudantium reiciendis. Sequi nam in vero laborum deleniti asperiores.', 4, 6, 12, 32, 353, 5, 335.35, NULL, '2022-11-08 20:48:31', NULL, 0, 0);
INSERT INTO `books` VALUES (26, 'Sit quos enim ab consequatur doloremque quod sequi nam eveniet nisi est.', 'qui-similique', 'Aut praesentium illo itaque delectus dignissimos cum. Molestiae et nesciunt aut aut. Velit sit tenetur et est et ut. Quaerat neque corrupti veritatis reprehenderit rerum.\n\nVoluptate vel odio repudiandae laborum. Ut ullam vero velit in aut amet ratione. Voluptas et eum accusantium quam nam.\n\nAliquid qui nostrum eaque qui impedit cum. Dolores nisi ea error repellendus qui alias aut. Rerum sequi expedita non perspiciatis et.\n\nOmnis facilis eveniet et quae libero sequi. Et aliquam sit quam nam. Molestiae non voluptatem eius.\n\nProvident autem nesciunt nemo ullam. Ex ratione quo qui qui. Expedita odit accusamus repudiandae dolores. Fuga saepe repudiandae voluptas sunt voluptas.\n\nQuia aperiam expedita nisi. Voluptatem sapiente ullam modi autem voluptas dolor explicabo. Dolore est et eum voluptas quis a.\n\nCorporis enim molestias unde quisquam dolores. Id eligendi consequatur minus ratione sed ex. Quae vero ut dolores fuga.\n\nMagnam asperiores odio ipsum iste sequi sit sed pariatur. Rerum deserunt accusantium ut quaerat. Nam nisi eaque cumque et. Consequatur quam optio iusto omnis doloribus ad cumque.', 8, 6, 12, 31, 346, 5, 328.7, NULL, '2022-11-08 20:48:31', NULL, 0, 0);
INSERT INTO `books` VALUES (27, 'Officiis voluptatem repudiandae fuga quia quia quisquam eligendi architecto sequi tempore voluptas tenetur minima iusto occaecati et.', 'molestiae-necessitatibus-quae-architecto-et-incidunt', 'Ut et magnam tempore earum est repellendus. Consequatur provident recusandae qui amet cumque maiores aspernatur laboriosam. Necessitatibus facilis harum cumque voluptas illo quasi modi. Nobis unde soluta molestiae est totam totam facere.\n\nVoluptatibus accusantium corrupti in eum provident fuga quaerat. Error est corporis sit aut suscipit voluptatum culpa. Eos quibusdam accusamus quas est qui.\n\nCorporis quod pariatur temporibus quo rem. Odit non id ut qui repellendus. Et molestiae accusantium voluptatem tempore et. Minima voluptas molestias cum aut rem nostrum.\n\nQuae quisquam eum dolorem. Nulla et quaerat laborum doloribus. Neque culpa sapiente et perferendis aut.\n\nMolestiae minus aut aliquam et autem. Deleniti velit est sequi quaerat. Cumque ipsum repudiandae unde cupiditate rerum temporibus. Enim quis in vero mollitia.\n\nEa ea et at neque quos dolores. Magnam quasi id perferendis atque. Possimus architecto tempora dolores ipsum vitae iure.\n\nVero suscipit fugit nobis temporibus aperiam tenetur iure. Non et consequatur sequi animi non. Cumque quod sed voluptatum ea non incidunt vero.\n\nQui rerum temporibus aut autem eius id. Non non pariatur veniam quisquam quis enim ea quis. Sint nihil sapiente modi delectus blanditiis fugiat modi.\n\nMolestiae vel magnam mollitia ut quod quibusdam tenetur placeat. Qui est quaerat velit a ea rerum. Nihil saepe quo et et eaque libero assumenda. Et et ipsa in voluptatem voluptatibus ea. Itaque atque quia voluptas nihil velit.\n\nConsequatur atque placeat rem qui vero non possimus aliquid. Expedita nesciunt veniam maxime.\n\nMolestiae ipsa dolor ad. Non in deleniti qui quas voluptatem. Nihil modi enim dignissimos velit sed commodi ut. Magni soluta libero non vel deleniti ut sed.', 3, 5, 5, 20, 379, 1, 375.21, NULL, '2022-11-08 20:48:31', NULL, 0, 0);
INSERT INTO `books` VALUES (28, 'Labore pariatur temporibus et nobis numquam nesciunt ducimus.', 'dolore-voluptatem-ipsum-sunt-quis', 'Molestiae non tempora et asperiores a architecto. Dignissimos exercitationem magnam tempore. Corrupti illum repudiandae voluptatem molestiae.\n\nNon atque et aliquid debitis. Occaecati voluptatem aspernatur vero natus. Temporibus similique itaque commodi impedit nostrum asperiores labore.\n\nEst ullam nihil quia maxime veritatis et. Ab deleniti quasi sapiente et aut. Provident exercitationem velit vel facere deserunt quia officiis. Qui laboriosam vitae excepturi quaerat incidunt.\n\nQuia quia et id sequi eos culpa et. Sit sit accusantium repudiandae omnis sapiente odio. Est sunt facilis omnis necessitatibus similique. Veniam ad possimus eos consectetur distinctio et.\n\nConsectetur ut cumque enim iusto est. Sit consequatur soluta iste aut. Doloremque minus vitae veniam ipsum aut ut pariatur quae. Exercitationem sit dolore aspernatur voluptate.\n\nPossimus porro cumque dolor et libero. Dignissimos ex sit neque velit qui dolor impedit. Nesciunt et natus qui.\n\nSint porro alias deserunt quasi. Quo labore et ab quo voluptatibus itaque. Optio quis quis quos doloremque.\n\nSoluta dolores voluptatem aut quam dolorem. Ex accusamus animi cum aliquam recusandae aut et. Qui modi dolore quibusdam sed debitis dolorem. Maxime temporibus consequatur et est.\n\nEt doloremque voluptatem neque et. Et ut aut fugit perspiciatis sed fuga molestiae. Qui dolores expedita est adipisci ut ut doloribus minus. Eos culpa consequatur aliquam eum harum ea.\n\nAliquid quo hic recusandae harum dolorem enim architecto. Ducimus esse architecto officia consequatur. Eum sint veniam molestiae dolores odio perspiciatis.\n\nDeleniti est laborum tenetur rem nesciunt officia voluptatem qui. Ut velit officia mollitia magni sit. Voluptas asperiores dolorem voluptates aut reprehenderit. Ipsam ullam dolorum numquam cum et cupiditate.', 8, 6, 15, 26, 361, 5, 342.95, NULL, '2022-11-08 20:48:31', NULL, 0, 0);
INSERT INTO `books` VALUES (29, 'Molestiae occaecati veniam in deserunt delectus et quia modi ipsum eum.', 'occaecati-id-consequuntur-nostrum', 'Sit maiores esse dolorem molestias expedita et deleniti. Culpa ut voluptatem maxime itaque quia. Suscipit dolores nam enim voluptatum non error. Dolores sit sint omnis illum dignissimos nostrum.\n\nUt ut aperiam a. Natus perspiciatis sunt earum quibusdam voluptas placeat ex. Magnam consequatur doloremque assumenda aliquid impedit.\n\nSed labore beatae molestias necessitatibus nobis et aut. Quia aliquam consectetur accusantium. Qui perferendis labore neque vel enim facere voluptatum. Porro officiis labore earum. A reprehenderit magni qui quis.\n\nEt facere sapiente sit odit. Rerum sunt nisi ad itaque maxime doloribus et. Excepturi qui et et molestiae ratione aut id. Illum consequuntur soluta et aut nobis. Architecto ut sint sed nostrum velit.\n\nVoluptatem et fugiat tempora dolore quaerat ut aut. Aut ullam ut delectus sed repellendus et. Laborum dolore nihil explicabo. Quis sequi assumenda voluptatibus quis eius sit architecto quaerat.\n\nArchitecto minima a ipsa neque qui animi. Ducimus sapiente ut quo fugit voluptas odio autem. Non perspiciatis itaque et distinctio reprehenderit. Et perspiciatis ea explicabo.\n\nEt fugit molestias facilis et laudantium harum adipisci similique. Quos accusamus vero nam in unde voluptates sed veritatis. Excepturi aut et et quam.\n\nRepellat harum autem laboriosam quasi. Nulla dolor ut blanditiis voluptas. Consectetur fugiat earum natus illum. Consequatur est quia et ut exercitationem adipisci.\n\nEt et doloribus mollitia odio quo. Totam cumque est eius distinctio est. Laudantium et ipsam tempore.\n\nUt iure voluptatem sit molestias. Quibusdam ab omnis magni animi fugiat. Aut voluptatem dicta nemo et molestiae. Quia rerum excepturi corporis aspernatur.\n\nQui dolorum molestias nihil aut. Porro eum fuga neque reiciendis et. Perferendis ducimus aut similique quia cupiditate incidunt.\n\nAtque reiciendis quos quos vel aliquam fugit. Et voluptate qui necessitatibus dolores omnis nobis voluptatem nemo. Velit sed voluptatem rerum nostrum aliquam doloribus.', 3, 2, 8, 33, 324, 3, 314.28, NULL, '2022-11-08 20:48:31', NULL, 0, 0);
INSERT INTO `books` VALUES (30, 'Et aperiam incidunt autem aut impedit quae ut cum ex saepe.', 'quisquam-quia-sed', 'Est quia libero voluptas est quam. Ex dolore laudantium fugiat architecto omnis. Provident itaque perferendis aut enim debitis laudantium fuga. Voluptates perspiciatis cumque a unde nisi eos sit. Voluptas adipisci sit error.\n\nNon perspiciatis ut distinctio nesciunt. Earum delectus ipsum possimus nihil sapiente tempore quidem amet. Atque expedita consequatur corrupti tempore tenetur. Et itaque cupiditate maiores vitae ex ex magni architecto.\n\nNumquam magnam ea accusantium. Magnam architecto ab quia modi officiis reiciendis distinctio. Quia facere facere fugit id veniam repudiandae. Magnam doloremque laudantium est odit nam qui.\n\nEst qui labore dolor. Amet magnam ut iste voluptatibus perspiciatis fugit magni. Corrupti velit voluptate harum soluta sit aut. Qui dolorem aut rem.\n\nQuia ducimus neque et non dolor. Eveniet repudiandae asperiores cum blanditiis ipsa. Sunt omnis omnis commodi voluptates.\n\nLaboriosam libero aut iste ducimus tempore. Quos sit aspernatur ab sed. Aspernatur nam dolorum sit est reiciendis.\n\nEt laudantium aut libero atque inventore molestias omnis commodi. Quis autem aut cumque. Accusantium non consequatur ipsam officiis aut tenetur autem voluptatibus. Quibusdam iusto eius et illum.\n\nExcepturi unde et mollitia temporibus blanditiis earum est. Autem voluptas aliquam expedita ipsam ut. Assumenda repellat adipisci optio. Harum culpa exercitationem repellendus sit voluptatem suscipit.', 8, 2, 26, 18, 314, 4, 301.44, NULL, '2022-11-08 20:48:31', NULL, 0, 0);
INSERT INTO `books` VALUES (31, 'Voluptatem ab corrupti ut sint est facilis eum quae.', 'aliquid-aperiam-impedit-ipsa', 'Nesciunt eligendi magnam voluptatem est consequatur. Ut quis neque eveniet eum dolores voluptate. Sed omnis ut rerum eaque nisi qui numquam. Sint adipisci dolorem consequuntur.\n\nAb et quia ipsum omnis facere qui molestiae. Et ut earum quis voluptate necessitatibus explicabo corrupti. Et atque sed ut quaerat rerum molestias. Non earum quae pariatur voluptates non nostrum.\n\nIste tempore ex veritatis. Aut exercitationem et in consequuntur consequatur quibusdam est. Nisi rerum sed accusantium quo sit ducimus. Repellat aut porro quasi sit impedit.\n\nEt et excepturi nihil ut aspernatur similique quisquam. Magni qui enim qui aut provident velit minus impedit.\n\nAt sed est iure perspiciatis dolores officia. Sit sit enim est consequatur. Ut iusto assumenda iusto rerum et eaque. Nobis ipsum vel adipisci id omnis quo ipsum.\n\nPlaceat rerum occaecati temporibus ipsam repellendus libero nulla. Voluptate occaecati eveniet reiciendis facilis consequatur temporibus eveniet. Ut ea natus nemo nam tenetur. Ducimus temporibus est sequi deleniti doloremque quis nesciunt. Velit consectetur consequatur natus.\n\nConsectetur in neque aliquid impedit accusantium. Numquam adipisci totam culpa fugiat. Sed qui quaerat dolores aperiam consequatur ut sit.\n\nEst rem nesciunt id aspernatur aut. Sed ipsum tempora et quam ullam veniam. Nobis vero eaque nihil neque quo quo excepturi.\n\nOmnis expedita consequatur mollitia dignissimos placeat ea earum. Hic nemo reiciendis ea voluptas eos sunt nobis. Dicta voluptas quis rem est doloremque.\n\nQui magni dolor voluptatibus repudiandae consequatur. In voluptas et dolorem rem quod voluptatem. Nihil quisquam et veritatis molestias impedit.\n\nError ipsam iure et neque exercitationem. Animi et tempora sint consectetur nobis nisi sunt. Tempora magni illum id hic voluptatum enim. Rerum repellat accusamus commodi enim ea est illo.', 8, 5, 9, 35, 283, 2, 277.34, NULL, '2022-11-08 20:48:31', NULL, 0, 0);
INSERT INTO `books` VALUES (32, 'Expedita minus dicta sunt neque sed beatae officiis quia.', 'ipsam-accusamus-sapiente', 'Aut occaecati voluptates et molestiae. Id ea sed earum laborum. Facilis doloribus ut et quia nemo reprehenderit sint. Cupiditate explicabo ut repellat veniam nesciunt ea tempora.\n\nEt id aut fugiat tempora aliquid perspiciatis dolores accusamus. Cumque perspiciatis pariatur officiis est quasi tempore cum. Consequatur adipisci molestias quos libero. Laudantium fugiat atque reprehenderit dolor asperiores.\n\nRecusandae quaerat voluptate neque corrupti sunt cum. Dolores ratione enim libero temporibus. Officia et ipsam rem voluptas minima.\n\nSit est ipsam provident architecto. Quos ut deserunt et esse ipsa. Et beatae qui dignissimos reprehenderit ut corrupti.\n\nIncidunt eum sint sit reiciendis. Qui corrupti et ut libero eos reiciendis. Explicabo consequuntur temporibus quibusdam ut consectetur ut voluptatem sint. Officia iure vel est quidem.\n\nEt culpa qui ea consequatur beatae. Sed quo neque amet incidunt. Non iste facere nisi.\n\nOmnis architecto et fuga hic quasi sunt. Sunt temporibus expedita sunt optio adipisci itaque blanditiis. Beatae vel ea sit alias nisi qui.\n\nVoluptatem doloremque ab aut. Minus impedit dolorem voluptas voluptas sed non sint.\n\nDoloremque ab recusandae harum nam rem excepturi qui. Ad omnis nulla minima hic voluptas. Et quam est minus dolorem sapiente sunt possimus voluptas. Eum est magnam et sequi.\n\nNihil sit eos dolore distinctio fugiat quis omnis deleniti. Reiciendis vitae quia nemo eum sed distinctio est. Labore aut est eligendi rerum eaque voluptate sit. Explicabo enim alias perferendis sed qui.\n\nRerum voluptas quis porro earum quis iure quam. Assumenda harum ipsam vel. Enim molestias consequatur et et omnis. Ipsam eligendi voluptatibus sint laborum omnis. Ipsum repellat est voluptates iusto similique non.\n\nIllum nobis sunt aspernatur reprehenderit ut. Nulla praesentium non et tempore totam delectus et iste. Earum quam aut et dolores assumenda. Sunt voluptatem qui iure est commodi dolores. Hic autem iusto numquam et possimus autem.', 3, 2, 19, 11, 374, 1, 370.26, NULL, '2022-11-08 20:48:31', NULL, 0, 0);
INSERT INTO `books` VALUES (33, 'Assumenda perferendis aut dolorem ad sed quia eius.', 'facilis-nulla-quia', 'Est expedita aut iste. Aspernatur maiores qui et corporis. Est enim mollitia consectetur ex quo reprehenderit neque. Eum quis modi ut quia.\n\nQuia esse ad nostrum sequi fugit vel recusandae id. Ex magni nihil explicabo autem sequi rerum. Perferendis eum ab animi. Dolorum aut repellat velit qui.\n\nUt optio eum mollitia voluptatum deleniti qui. Porro ipsum non est mollitia molestiae qui rerum voluptates.\n\nNobis saepe sapiente fuga doloremque veniam. Sint et labore aut quis quibusdam. Eius est aspernatur et adipisci reprehenderit praesentium repudiandae.\n\nEt libero blanditiis qui. Impedit asperiores occaecati ea voluptas architecto necessitatibus dolorem. Atque voluptate voluptatum molestiae ut blanditiis.\n\nNeque sed dignissimos aperiam beatae est odit. Sit quos aut debitis est sed qui ut. Nemo quo et omnis modi libero et et.\n\nPorro sed facilis distinctio molestias. Vel mollitia voluptas et perferendis.\n\nQuia aut doloribus nemo quibusdam et ad explicabo excepturi. Tempore est omnis libero provident quos consequatur quod. Ipsum sit quia hic eos quidem.\n\nAut iure quia qui sapiente. Animi minima dolor ut aut dolorem quasi sit. Consequatur eius eaque vel veritatis non.\n\nIn similique rerum quam incidunt ut aut cum. Facere aut quis voluptas et iusto distinctio. Nihil et dolorem molestias id et expedita veniam. Voluptas velit provident ea deserunt.\n\nAutem est vel explicabo et. Impedit corrupti maxime et. Et magnam et sunt. Molestias in ex suscipit sit earum quibusdam ut.\n\nMolestiae alias et debitis voluptatibus atque. Et commodi a eveniet quia. Soluta cum corporis a nobis iste temporibus. Unde magni qui est aut placeat.', 8, 1, 26, 29, 334, 5, 317.3, NULL, '2022-11-08 20:48:31', NULL, 0, 0);
INSERT INTO `books` VALUES (34, 'Quibusdam dolorem doloribus nam laudantium exercitationem autem.', 'et-quis-quas', 'Consequatur enim a dolorem corrupti ducimus. Aut ipsam sed omnis ea. Rerum culpa et voluptatum illo est.\n\nOptio deleniti est quidem aut veniam minus. Reprehenderit consequuntur quae quia. Laudantium ullam quis reiciendis voluptas nihil sit ipsum nihil.\n\nFuga error culpa tempore voluptatum est. Voluptas ut impedit placeat quidem aliquid dolorem illum deserunt. Quidem tempore vel aut quo cumque architecto.\n\nIn facere perferendis adipisci veniam. Eos ut aspernatur ullam quia quia ut. Doloribus perferendis mollitia id cupiditate est omnis. Repellendus in velit est et fuga voluptate velit.\n\nVoluptas optio reiciendis impedit porro nostrum. Atque vero est occaecati sit dignissimos iusto. Sed quaerat et aperiam deleniti dolorum quo inventore. Nesciunt magni cupiditate unde inventore omnis aut.\n\nUnde illum eos nulla ratione recusandae asperiores voluptatum. Reiciendis illum magni aut magnam vero ex voluptatum.\n\nSoluta voluptatibus ex accusamus rerum assumenda. Neque facere sit beatae. Asperiores quos consequatur consequuntur ut architecto.\n\nCumque ullam sequi sit similique quis et illum. Praesentium laudantium natus repellendus aliquam illum cumque. Maiores praesentium dolorem repellat itaque reprehenderit libero laborum. Corrupti enim autem soluta similique aliquid totam fugiat.\n\nArchitecto consequatur dignissimos fugiat provident dolorem. Vel ut consequatur quam nam ut magnam. Cumque et nemo corporis sequi cumque. Vel rerum ut ratione quidem dolores ab.\n\nNobis consequatur non sed quisquam qui qui quis. Dicta quasi similique sit dignissimos sapiente accusantium qui omnis. Perspiciatis sapiente tempora iste sit temporibus suscipit. Qui eveniet tenetur qui soluta et.\n\nDeserunt qui quia omnis aliquid vero et eaque voluptas. Ut totam consectetur molestias eum eos eos cumque. Facilis aut voluptatem eveniet ut. Id porro mollitia ea suscipit. Nihil itaque dolore doloremque facere.', 6, 4, 20, 30, 371, 4, 356.16, NULL, '2022-11-08 20:48:31', NULL, 0, 0);
INSERT INTO `books` VALUES (35, 'Fugiat ad optio veniam consequatur dolores et quod.', 'dolore-qui-quam', 'Ducimus cupiditate porro necessitatibus sed quo perspiciatis veritatis. Odit et repellendus et dolorem nostrum minima enim. Est qui est repudiandae quia. Recusandae facilis voluptates sit perspiciatis debitis quia dicta.\n\nEos magnam consequatur ab asperiores. Ullam aperiam non et quis. Et unde sint nesciunt unde omnis iure.\n\nDebitis debitis esse delectus molestiae est. Aut rem eligendi placeat id. Aperiam necessitatibus dolores amet quia et architecto.\n\nQuis enim et sit et reprehenderit corrupti eveniet quia. Sit nesciunt fugiat dolorum mollitia. Qui illo sint odio reiciendis sunt. Eaque ratione aliquam voluptatem ut. Non deserunt sit magnam commodi perferendis.\n\nEveniet aliquid labore in et. Ipsam ipsam perferendis sit fugit. Ut id voluptates doloremque accusantium amet reprehenderit voluptates asperiores.\n\nSint delectus atque sit mollitia praesentium. Dolore et soluta saepe tenetur quo ullam laboriosam. Itaque nemo dolorem quos perferendis molestiae non nihil. Corporis illo incidunt fugiat incidunt dolor soluta ipsa culpa.\n\nVeniam vel animi exercitationem et quia temporibus exercitationem est. Reprehenderit perferendis impedit iste explicabo. Aut et ducimus pariatur laboriosam soluta dolorem eos. Eum et qui velit.\n\nEt officia repudiandae ducimus beatae a atque rerum. Officia et fuga quibusdam perspiciatis nobis odit nulla. Cum sed odio omnis fuga sed aut est.\n\nRepellat cum fugit laboriosam voluptatem delectus corporis unde. Fuga aut dolore maiores sed. Laudantium in in voluptatibus quia eum eum. Sit distinctio ducimus voluptas dolores laudantium dignissimos illo.\n\nAccusantium iusto nesciunt sequi est harum. Id vel repellat ab consequatur omnis ab. Sed molestiae minima labore ut alias sequi.', 6, 2, 15, 16, 387, 0, 387, NULL, '2022-11-08 20:48:31', NULL, 0, 0);
INSERT INTO `books` VALUES (36, 'Ut sed vitae sed dolorum odit aliquid a totam sit est enim repudiandae aut suscipit.', 'dignissimos-nemo-voluptas-est-ratione', 'Eum id nihil praesentium ipsum. Iusto odio doloribus magni ad ut qui. Incidunt deserunt voluptas odit quibusdam.\n\nOdit dignissimos facilis dolore asperiores. Alias sapiente et molestias veniam repellat unde recusandae. Illum ullam ut quisquam. Quisquam inventore minima est et qui ratione.\n\nDistinctio id ipsa eligendi odio velit dolorem velit et. Qui est vel aliquam numquam dolores rerum odit asperiores. Voluptatem dolores nihil optio. Quia excepturi officia culpa qui quidem.\n\nSuscipit praesentium illum aut maiores earum provident. Quo aut dicta quia mollitia corporis consequatur omnis tempore. Animi quidem ut deleniti.\n\nSoluta amet eveniet et cupiditate qui est eaque corporis. Ea rem consectetur earum est. Et ea odit sapiente est qui quis. Debitis nemo commodi sint doloremque reiciendis eos ut.\n\nAccusamus rem qui molestiae odio. Quae vitae voluptatem error quas et qui quia. Accusamus aut veritatis delectus.\n\nDolorem est fugiat in unde. Inventore esse saepe voluptas eligendi id. Non sit quis qui reprehenderit odio provident fugit.\n\nMinus ea minus nostrum consectetur vel reprehenderit. Qui voluptas eveniet non natus vitae delectus ipsa. Sed quaerat unde corrupti temporibus exercitationem eligendi. Ex qui dolorum a mollitia distinctio inventore non facilis. Quis dignissimos fugiat libero quia quis ut.\n\nAsperiores perferendis quia mollitia dolor sit at maiores eos. Id dolor molestiae voluptatem et laudantium est officia. Rem tempora suscipit debitis quam dolores et expedita in. Odio porro ea et laborum vel labore.', 7, 2, 22, 23, 303, 2, 296.94, NULL, '2022-11-08 20:48:31', NULL, 0, 0);
INSERT INTO `books` VALUES (37, 'Dolores voluptates esse ut iusto error sapiente suscipit.', 'qui-et-porro', 'Id voluptate illo blanditiis animi accusamus delectus et. Alias et facere sunt quas rerum eos. Iusto saepe qui consequuntur ipsum et itaque. Autem qui et hic rem iste.\n\nNulla est voluptates sunt officiis. Dolore excepturi et animi nam. Voluptatem unde hic autem.\n\nRerum ullam tempora quae aspernatur. Quod natus aut accusamus necessitatibus. Odio corporis voluptate rem ut. Amet aliquam excepturi ut qui voluptatem ea.\n\nDebitis quo suscipit architecto laudantium dolorem. Voluptate laborum praesentium voluptate et. Molestiae maxime assumenda rerum assumenda impedit voluptate corrupti. Cum aliquid doloribus iusto sunt laborum qui adipisci. Omnis eos officia aliquid aut necessitatibus et.\n\nPerspiciatis laudantium earum error omnis possimus. Veritatis aut quam earum deleniti dolore et. Ut voluptatem totam laudantium voluptates.\n\nInventore est facere omnis et eum. Consequatur delectus qui et odio aspernatur voluptatum occaecati. Et optio nisi minima ut. Dignissimos magni quis ratione beatae enim fugit.\n\nModi sed ut veniam aliquid. Modi dicta accusantium nobis amet quia. Nam velit in aut totam et. Quis nobis excepturi autem odit repellat expedita rerum.\n\nQuis qui ab quidem. Vel vero omnis et illo.\n\nTempora accusantium sint dicta odio sequi amet. Odit enim ut rerum placeat natus in omnis porro.\n\nAmet occaecati at qui veniam. Voluptas omnis quidem et atque unde et rerum recusandae. Laborum quis enim voluptatem maiores.\n\nUnde nam accusamus magnam necessitatibus rem. Repellendus nisi et et voluptatem deleniti quia. Quo reiciendis maiores inventore dolor voluptatum id. Quia autem similique in.\n\nEnim quo temporibus perspiciatis facere quisquam labore. Expedita dolore expedita consectetur praesentium. Earum sint voluptas magni et esse eum.', 5, 5, 3, 21, 386, 5, 366.7, NULL, '2022-11-08 20:48:31', NULL, 0, 0);
INSERT INTO `books` VALUES (38, 'Quae ea ut molestias in laboriosam necessitatibus.', 'perferendis-et-quia', 'Consequatur sequi quaerat dignissimos. Id illo earum voluptatem doloremque. Quo ad totam suscipit vero.\n\nOptio et nobis animi et dignissimos fugit. Nihil sed quos pariatur non. Eum deserunt quas rerum quo qui qui. Nemo enim aut et cumque beatae.\n\nArchitecto nemo nemo sed id consequatur. Mollitia deleniti nihil qui vel doloribus. Soluta labore error eum non.\n\nQuos consectetur quas velit est reprehenderit et. Culpa commodi amet ipsa voluptatum et laudantium. Ut et laboriosam deleniti id.\n\nEa occaecati numquam voluptatem dolores optio voluptate. Nesciunt est eius saepe id. Quibusdam non repellat non nemo et delectus.\n\nIure qui voluptates est et autem. Incidunt dignissimos qui est non quod. Aperiam ipsum nostrum voluptatem aut laboriosam.\n\nOdit vero qui corrupti consequatur rerum repudiandae. Fugiat iure ea rerum tempore velit. Tempora quia laboriosam officiis minus. Fugiat fuga nostrum suscipit expedita porro.\n\nVoluptates quam a ipsam in in. Hic consectetur possimus saepe aperiam. Earum est molestiae sint. Quia dolore minus placeat velit.', 4, 2, 18, 34, 398, 4, 382.08, NULL, '2022-11-08 20:48:31', NULL, 0, 0);
INSERT INTO `books` VALUES (39, 'Dolore corporis in voluptate qui sunt debitis eos reprehenderit aut.', 'ex-est-voluptate', 'Ad quo quis in at ipsam consequatur. Sed aliquam amet sit tempora. Mollitia excepturi voluptates est non. Est sint cum vitae repellat laudantium officia dolore.\n\nVoluptatibus pariatur cum labore illo ducimus quis. Eaque et similique nesciunt nulla. Labore placeat omnis non. Quia est dignissimos voluptate voluptatem voluptatem. Molestiae aut aut dolores molestiae maxime.\n\nNeque et deleniti totam. Est qui delectus repudiandae dolore sed similique optio. Sed tempore explicabo officiis. Et omnis neque tempore quia.\n\nSit nobis et itaque asperiores voluptatem et. Eum ducimus nemo ratione aut odio vel iusto. Hic qui magni fuga eligendi ipsum. Harum atque eum officia sed expedita mollitia dolores.\n\nAt ipsam harum earum molestiae corrupti necessitatibus perferendis. Sed eius tempore unde nemo aspernatur itaque.\n\nAut minima repellat accusamus minus mollitia cupiditate et. Aliquam qui molestias perspiciatis fugit quis. Sint nostrum incidunt aut. Libero dolorum porro cumque magni illum fuga eum.\n\nNisi rerum et dolore perferendis esse optio. Ea reprehenderit est assumenda repellendus nemo unde. Quasi consequuntur ullam nam in porro dolor. Ab eos odio ex nihil iste aperiam.\n\nTempore enim sapiente et qui error aperiam voluptate neque. Debitis autem magni aut aspernatur optio autem quia. Expedita aut explicabo ut.\n\nEst est laudantium praesentium officiis quis adipisci recusandae. Voluptas harum ea corrupti natus sed quia. In aut magnam et ad.', 4, 6, 15, 11, 334, 5, 317.3, NULL, '2022-11-08 20:48:31', NULL, 0, 0);
INSERT INTO `books` VALUES (40, 'Perferendis sed dolorum quae illum quia ratione perferendis sit dicta maiores unde et veniam ut velit asperiores.', 'repellendus-voluptate-aut', 'Quia saepe atque ut laudantium voluptatem est enim accusamus. Accusamus veritatis inventore necessitatibus incidunt. Repudiandae beatae non ut. Tempore voluptatem mollitia ipsa numquam.\n\nBlanditiis qui aut sed nulla debitis. Nam quam ipsa est. Atque placeat odit eveniet.\n\nNon id nihil delectus vel ullam consectetur. Reiciendis assumenda qui quo ratione et. Mollitia facilis autem animi est ab non aspernatur.\n\nQui facilis ipsam dolores officiis. Totam accusantium nostrum est consequatur. Ipsum autem amet doloremque possimus facere delectus numquam.\n\nOmnis nisi explicabo ad quasi aut vitae. Et ab deserunt sunt et libero sint.\n\nAspernatur natus in sit nulla dolore natus at. Similique ipsum ducimus omnis in et. Quibusdam animi blanditiis labore natus aspernatur esse non.\n\nItaque aliquam eius laudantium. Fugit quia enim explicabo officia voluptates sit. Ex possimus natus molestias ipsa.\n\nCorrupti rerum ea ab libero inventore voluptatum nostrum. Eligendi repudiandae quisquam culpa architecto. Ut et iste numquam tempora quis et.\n\nIn veritatis ad velit. Pariatur rerum reiciendis explicabo dolorem. Quo perspiciatis aut magni est. Minus asperiores et voluptatum iure non rerum atque.', 2, 4, 5, 40, 364, 2, 356.72, NULL, '2022-11-08 20:48:31', NULL, 0, 0);
INSERT INTO `books` VALUES (41, 'Unde maiores sit eos inventore sapiente ut iste dolor voluptatem aut hic.', 'consequuntur-modi-facilis', 'Et et eius aut ut facere ut quo. Nesciunt quaerat laborum rerum id dolorem nobis fugit. Omnis minima ea ut officiis voluptatem ut soluta.\n\nError vitae a quisquam sit. Dolores magnam quia quae quo voluptate modi. Excepturi et quia quibusdam dolore quia nihil consectetur.\n\nQui rerum earum maxime et id. Culpa molestias quos et quidem quam adipisci. Est molestias autem et sint quibusdam.\n\nIllo et exercitationem laudantium eum fugit autem sint. Fugiat rem adipisci quia quas possimus adipisci ad. Deserunt laudantium et tempora incidunt incidunt sed eos. Animi sit pariatur libero esse repudiandae.\n\nLibero voluptatibus et maxime labore magnam debitis eius hic. Omnis delectus vel est sint distinctio culpa. Eaque sed suscipit sit vero. Ut asperiores eum soluta.\n\nIllo molestiae saepe cumque expedita. Qui eveniet corporis quisquam non. Laudantium nostrum sit illo eaque doloribus minima. Doloribus eaque error ut ut nostrum.\n\nMaiores placeat expedita nisi atque asperiores ut maiores ad. Iure maiores quasi dolores repellat. Provident porro aut vel sit excepturi perspiciatis recusandae. Ipsam odit cumque sint pariatur.\n\nMagni recusandae consectetur dicta quis id molestiae est. Quisquam et in tenetur accusantium. Laudantium sunt quia culpa aut repudiandae dolorem libero. Ad temporibus nobis omnis facere.\n\nQuibusdam dolorem cum delectus. Voluptate exercitationem facere reprehenderit omnis est sed.\n\nVel rem porro similique illum. Labore adipisci illum mollitia alias. Alias rerum sed ea occaecati quos.', 8, 1, 20, 16, 258, 5, 245.1, NULL, '2022-11-08 20:48:31', NULL, 0, 0);
INSERT INTO `books` VALUES (42, 'Quasi qui rerum sit odio expedita aut repellendus deserunt.', 'voluptas-dicta-dolores-deleniti', 'Ut nobis architecto vero doloremque. Nam necessitatibus sit eveniet fuga sit omnis praesentium. Et voluptates suscipit et nobis facilis a.\n\nNisi molestiae delectus voluptate fugit quam odit. Placeat temporibus recusandae et autem.\n\nMaxime quo ut repellendus aut id occaecati minus. Ullam qui et eum et possimus sapiente. Voluptatum quisquam harum unde dignissimos fugiat odit tenetur.\n\nCumque quam neque reiciendis eaque sunt ut consectetur possimus. Minima officia eos dicta. Voluptates molestiae at eligendi nam est.\n\nEveniet atque asperiores aut est deserunt et sunt. Aperiam consequatur rerum iure magni non. Aut est voluptas minima hic quasi numquam soluta. Est fuga fugiat unde praesentium ex.\n\nAdipisci perferendis nulla iusto sit. Modi qui facilis consequatur quia magni et a.\n\nTemporibus excepturi itaque molestiae sed. Soluta velit reiciendis est sapiente beatae facilis possimus. Nobis et rerum ullam deleniti facilis. Deserunt facilis est voluptas facilis dolorum sit consequuntur. Perspiciatis sint consequatur vitae quisquam ut quibusdam.\n\nOccaecati cumque sed quis eos repellendus repudiandae nam minima. Alias laboriosam nihil cupiditate eligendi unde.\n\nMinima debitis laudantium dignissimos minus quas eaque. Fugit nam molestiae ea numquam rem quis. Hic non dolore natus autem. Nihil rerum quia doloribus minima sed.\n\nQuam impedit reiciendis ab officiis dolorum harum blanditiis. Nihil dolorum rem voluptas in ut et. Labore voluptatem et nesciunt.\n\nVoluptatem voluptatem esse doloremque voluptatem earum. Veritatis voluptates explicabo exercitationem sed occaecati omnis. Et pariatur cum fuga ut dolor sint autem. Deleniti asperiores sit velit aut et.\n\nPossimus harum unde dolores sint sapiente exercitationem fuga qui. Quibusdam autem qui laborum sint ad iste consectetur quibusdam. Commodi ipsum alias sunt aut unde.', 7, 6, 30, 34, 396, 0, 396, NULL, '2022-11-08 20:48:31', NULL, 0, 0);
INSERT INTO `books` VALUES (43, 'Ab repudiandae fuga aut enim tenetur maxime qui voluptate dignissimos mollitia.', 'quos-itaque-possimus-minus-a-id', 'Corporis odio modi ea ab molestias molestiae. Non labore eum rerum non odit id. Sed accusantium distinctio necessitatibus nihil provident aut dolorum.\n\nRepellendus eligendi velit quaerat cum dolores mollitia. Soluta eius veniam sunt possimus qui. Maxime doloremque a itaque tempore voluptatem illo quod.\n\nModi cumque repudiandae sit. Incidunt distinctio fugiat recusandae dolor eligendi quo est.\n\nEarum ut quia laudantium eligendi dolores modi repellat. Error aut qui quo cupiditate aut eos. Et placeat fugit ea voluptas illo laudantium velit quae.\n\nId maiores est vitae blanditiis eveniet sed. Omnis enim cupiditate autem autem sed enim. Impedit quae aperiam totam labore corrupti harum. Error qui officia libero doloremque pariatur dolor ad qui. Laboriosam natus harum dolorum vero modi.\n\nEligendi nulla vitae rerum ab doloribus in totam eos. Ratione sit officiis culpa dolor nisi occaecati molestiae. Quis sunt qui eum quia dolores dolor quibusdam. Reiciendis rerum minus est recusandae odit.\n\nLaboriosam repudiandae ea velit enim. Earum ratione nostrum quia rerum inventore reprehenderit eaque. Assumenda similique officia omnis qui impedit. Rerum voluptatem non ut maiores aliquid sit sint.\n\nEligendi minima repellat quia ex ut provident in. Facilis est ipsam repellat enim aut voluptatem. Quas nihil velit quo.\n\nUt vero deserunt soluta. Quas dolorem ratione dolorum ea explicabo temporibus. Aut cum ad iure voluptas velit. Doloremque aut at qui eos. Numquam saepe minus labore architecto nobis cumque consectetur.', 5, 5, 27, 15, 273, 1, 270.27, NULL, '2022-11-08 20:48:31', NULL, 0, 0);
INSERT INTO `books` VALUES (44, 'Eius sequi quisquam rerum et maxime corrupti blanditiis.', 'ut-velit-quisquam-quo', 'Aut harum excepturi esse aut. Et veniam consequatur repellendus perspiciatis autem omnis nam sint. Excepturi ullam consequatur et aliquam dolor. Ipsa cumque nam neque odio. Culpa ipsa aut quae totam vel praesentium numquam facere.\n\nOmnis est aut quia omnis voluptatem perferendis odio. Quae magnam dolor quis nisi aut placeat. Esse officiis officiis veniam necessitatibus. Necessitatibus tempore voluptas autem sunt nostrum.\n\nMinima distinctio odit sit vel non totam temporibus. Qui enim rerum sed harum necessitatibus quia. At blanditiis autem eum. Nihil culpa sit omnis explicabo.\n\nAut libero est sed architecto esse in aut. Praesentium neque velit deleniti dolores. Dolorem molestiae nihil aut commodi ipsa.\n\nNatus doloremque inventore et a rem consectetur. Voluptas non magni quia iusto iusto. Et iste eligendi vitae expedita. Delectus possimus et velit et officiis.\n\nPerspiciatis molestiae dignissimos fugit cum enim rem quia. Quasi enim sint porro. Consequatur eligendi quasi perspiciatis qui tempora doloremque ut odio. Mollitia omnis quasi quia asperiores cumque aut ea.\n\nQuo fugit id iste sapiente. Omnis omnis qui qui rem. Velit aut odio qui quaerat id nobis vero.\n\nVelit ad doloribus sint sit praesentium qui. Praesentium deserunt rerum eum cum saepe. Molestias voluptatem non ut illo nulla eum atque. Est commodi repudiandae est. Quas vitae eligendi voluptatem sapiente.\n\nDolorum quibusdam veritatis fugit modi aut. Eum reprehenderit maxime optio quia quas velit. Excepturi qui molestias eos.\n\nEnim et aut velit dignissimos ipsam recusandae vel. Quis occaecati est corporis aspernatur libero doloribus cupiditate. Amet eius dolorem quidem eaque cumque atque.\n\nAdipisci alias impedit sapiente molestias voluptatem sapiente. Ratione vitae animi nostrum voluptas.', 7, 6, 25, 22, 381, 0, 381, NULL, '2022-11-08 20:48:31', NULL, 0, 0);
INSERT INTO `books` VALUES (45, 'Impedit vel ipsa asperiores sit maxime officiis placeat magni saepe provident autem quisquam.', 'ullam-ipsam', 'Et impedit commodi perferendis incidunt consectetur alias autem. Est quaerat quo fuga. Perferendis aut odit similique debitis dolor quia sed. Quia non asperiores dolores.\n\nEt cupiditate alias dolor consequuntur ipsa culpa dolorem. Neque dolor omnis non qui dolorem. Cupiditate numquam itaque aperiam officiis praesentium tempora corrupti. Praesentium dolorum ut ullam iste.\n\nEius id nihil voluptates dolore quia omnis. Velit minus enim quidem perspiciatis laboriosam. Officia totam possimus est qui.\n\nDolor debitis soluta quia iste est eius illo. Et rerum vel accusamus. Numquam dolorem laudantium velit delectus voluptas enim numquam. Beatae sunt quidem quae rem maiores nemo nobis.\n\nVeritatis porro exercitationem nisi architecto cum nesciunt vitae. Et corrupti quo debitis itaque totam sequi est. Sequi ex et animi eius odio. Odit minima sed delectus corporis sit.\n\nBlanditiis earum voluptas occaecati id earum cumque tempora. Dolor qui est nulla. Velit autem quidem recusandae nam aliquid. Officiis id quae reprehenderit autem quidem. Fuga maiores sequi sunt quas possimus voluptatem.\n\nQuis quis quod enim nostrum. Illum quia ipsa ea mollitia consequatur velit tenetur sequi. Architecto fugiat nam repellat molestias.\n\nDebitis tempore beatae vel reprehenderit officiis est explicabo. Quidem eos neque cupiditate sint veritatis. Enim dolores sunt eaque illum laboriosam fuga.\n\nReiciendis aut maiores distinctio eveniet debitis non et. Est aut tempora illum error quia optio consequatur. Quas eum voluptatem explicabo.\n\nSit ut blanditiis repellendus eos. Et suscipit voluptatibus a itaque exercitationem delectus odit. Facere quae rerum et vel fugiat molestiae pariatur. Distinctio laboriosam ea deserunt.', 7, 3, 23, 16, 262, 2, 256.76, NULL, '2022-11-08 20:48:31', NULL, 0, 0);
INSERT INTO `books` VALUES (46, 'Officia dolorum voluptatem velit quod nihil commodi non.', 'fugit-exercitationem-doloribus', 'Quidem nulla aperiam ipsa qui. Rem asperiores quos eveniet nulla eligendi accusantium. Est aut omnis labore dolorem quos.\n\nNumquam beatae ad laudantium dignissimos nobis. Rem impedit corporis dolore animi non officia. Architecto quia ut est.\n\nNostrum exercitationem ratione adipisci quidem. Temporibus quisquam quas aliquam molestiae. Rem et ad fuga occaecati nihil tenetur facilis. A ut ipsa asperiores eos illum consectetur eum.\n\nVoluptatum ipsam consequuntur voluptate nihil. Aut veniam debitis doloremque voluptatem. Molestiae porro qui quas accusantium voluptatum porro mollitia.\n\nLibero tempore asperiores distinctio error nihil. Ea voluptates nulla iusto ipsum iusto. Perferendis architecto ea molestiae vitae dolores illo saepe ut.\n\nQuae ab modi non ut iure dolorum modi eligendi. Amet ea aliquam perferendis quas quia. Laudantium tempore nihil in ut. Provident fuga facere et tempora.\n\nVero eius dolores veritatis dolorum earum. Cum fugiat quia sunt vel natus consectetur adipisci. Et tempora laboriosam ut. Aspernatur nihil dicta sequi dolorum aliquam inventore.\n\nQuas dicta voluptatum quia aut qui ut. Non consequatur explicabo fugiat officiis dignissimos assumenda dolor. Ut excepturi aut qui voluptatum nobis aliquam voluptatum qui.\n\nDolorem assumenda quibusdam rerum facere ut sit quia. Incidunt libero doloremque et.\n\nSuscipit eum aut eum aspernatur ullam sequi. Fugit est iste omnis ipsum. Qui tempora laborum natus quam. Aut fugiat quis possimus aut rem sint officia.\n\nEsse veritatis repellendus repellat. Iste accusantium aspernatur aperiam adipisci consequatur ut iusto. Eligendi eum nemo nobis maiores. Libero error recusandae mollitia deleniti molestiae molestiae. Magni recusandae ex eos pariatur animi animi dolor.', 5, 2, 5, 28, 269, 1, 266.31, NULL, '2022-11-08 20:48:31', NULL, 0, 0);
INSERT INTO `books` VALUES (47, 'Ea ipsum est animi aut quaerat atque aut ut consequatur voluptatem dolores.', 'eum-commodi-et', 'Eum qui et officiis sit eveniet sed voluptatibus est. Consectetur ut vel dolores saepe repellendus quisquam. Vero excepturi veritatis perspiciatis fugiat quidem tempora aut velit.\n\nNisi aspernatur sed recusandae odit et. Voluptates inventore fugiat sint aut aperiam. Odit ratione voluptatem iste enim ad. Pariatur eos quod aspernatur maiores tempora dolor et et.\n\nEa nesciunt porro non consequatur. Expedita in fuga dolorem debitis ut. Voluptas consequatur quod rem qui eligendi omnis.\n\nNostrum dolor accusamus sed nesciunt sequi sed. Delectus laborum quasi reprehenderit qui animi a iusto et. Et vero cupiditate eos quasi aspernatur.\n\nNam voluptatem nam et ea nesciunt. Debitis ad nostrum voluptatem voluptatem. Eos vel excepturi veniam ab. Saepe aliquid inventore quas sunt.\n\nEligendi excepturi quibusdam quo iusto rerum officia. Soluta eum ipsum iusto velit necessitatibus qui aut. Nulla omnis praesentium nostrum.\n\nRerum eos minima ducimus ut aliquam. Eligendi et tempore in in corrupti repellendus. Natus at nulla soluta eveniet omnis fuga illum.\n\nIllo consectetur dolor sit sunt modi et. Dolores maxime consequatur et atque. Ex dolor soluta voluptas deserunt dolorum corrupti laboriosam. Quisquam sunt ut culpa molestiae et velit iusto.', 8, 4, 21, 12, 359, 5, 341.05, NULL, '2022-11-08 20:48:31', NULL, 0, 0);
INSERT INTO `books` VALUES (48, 'Veritatis illo unde et deserunt nemo sit perspiciatis sunt sed voluptatem totam blanditiis debitis eaque quia.', 'cumque-voluptas-fugiat', 'Sint minima quia a sunt laboriosam reprehenderit incidunt cupiditate. Consequuntur alias provident est aperiam iure. Ut quisquam ad quos alias iusto. Consequatur unde molestias occaecati qui quibusdam.\n\nIllum autem ut distinctio assumenda qui. Sapiente hic omnis qui. Dicta velit aut et dolorum ea officiis eos.\n\nA autem quis fugit porro quae et ipsum. Voluptas sed ea quisquam voluptas. Esse quibusdam ex et. Labore minima omnis adipisci inventore doloribus architecto.\n\nRem delectus temporibus excepturi nam corporis. Nemo error et omnis sunt.\n\nNeque ex optio sed modi libero non. Voluptatibus est eius fugiat nulla quam velit. Tempore deserunt exercitationem neque et laborum voluptatibus cumque. Delectus et inventore itaque molestias dolores sequi iste sed.\n\nVoluptatem ea et dolores vero est deleniti eligendi doloribus. Numquam rerum atque magnam architecto quos. Dolorem possimus provident omnis quas expedita cumque debitis. Sit eveniet id quam quas corrupti aliquam fugiat.\n\nAnimi debitis voluptatem optio recusandae perferendis est culpa. Fugiat quasi commodi pariatur quam ex voluptatem illum. Omnis animi dolorem ullam eligendi. Recusandae magnam itaque voluptas vitae ipsum aut aut.\n\nEt porro veniam magni voluptatem at magnam. Et numquam possimus perferendis rerum nisi ut magni debitis. Mollitia voluptatem assumenda ipsum aut aut ut. Aut unde dolorem quibusdam enim impedit omnis officia laborum.\n\nPariatur sint ut sint eum temporibus enim. Ut voluptates aut pariatur consequuntur. Debitis qui maxime voluptate. Mollitia quis perspiciatis itaque sunt totam illum quos.', 7, 2, 1, 12, 329, 4, 315.84, NULL, '2022-11-08 20:48:31', NULL, 0, 0);
INSERT INTO `books` VALUES (49, 'Consectetur recusandae minus qui veritatis reprehenderit neque quia.', 'consectetur-est-similique-libero', 'Consequatur odio asperiores voluptatem nihil nisi voluptatum. Vitae quo sed modi est et. Qui consequatur eligendi dolor aliquam officia id. Fuga nesciunt inventore sequi nihil.\r\n\r\nInventore facere molestiae illo consectetur quis et voluptas vel. Repellendus perspiciatis consectetur fuga fugiat. Eum dolores et accusamus assumenda quo nam id. Ea sint nisi numquam.\r\n\r\nDoloremque aliquid atque adipisci. Et et nesciunt praesentium totam sint quos. Fuga sint saepe quos totam facilis accusantium harum mollitia.\r\n\r\nCorporis tempore doloribus repellendus id optio quam aliquam. Unde consequatur ipsum voluptatem soluta iusto officiis. Maxime id totam quia blanditiis beatae odio sint.\r\n\r\nOdit assumenda quis alias cupiditate quis. Eum neque praesentium molestias aliquid eos doloribus. Recusandae delectus delectus neque aut qui enim laboriosam. Earum excepturi ea sint id. Tempore id fugit adipisci quasi possimus.\r\n\r\nQui cumque aut voluptas voluptatibus ab explicabo cumque libero. Dolorum suscipit in eveniet quaerat est saepe neque aut.\r\n\r\nPossimus a earum minima id iusto qui et optio. Odio alias deleniti quia vitae maxime consequatur eos aut. Aliquid qui quis non beatae inventore tempore provident.\r\n\r\nIure natus perferendis dolores aut quia quos et repellat. Alias nostrum voluptatum debitis.\r\n\r\nRem hic et doloribus omnis hic. Asperiores at quis enim accusamus ut. Ea commodi voluptas ipsam animi dolores.\r\n\r\nFacere ut illo architecto qui. Magni iure est odit ratione. Hic in consectetur rem quasi voluptas ut nihil qui. Vel itaque non sint odio nulla omnis quisquam.\r\n\r\nSint sint ducimus quo ut voluptatem. Sed consequatur eos aut omnis. Pariatur temporibus et quisquam culpa quam.\r\n\r\nEum consectetur animi omnis est eligendi ullam. Ut magni laboriosam quod voluptate accusamus. Repellat molestiae nihil et ut sunt quaerat. Et neque quo ut voluptas doloribus ullam id fuga.', 5, 3, 8, 22, 297, 0, 297, NULL, '2022-11-08 20:48:31', '2022-11-10 15:37:14', 0, 8);
INSERT INTO `books` VALUES (50, 'Consequatur fugit quibusdam assumenda molestiae et.', 'occaecati-eius-nulla-consectetur', 'Illum ducimus facilis dolore dolores. Assumenda neque exercitationem laboriosam unde ipsa sunt voluptas architecto. Officia et perspiciatis in laboriosam. Voluptatem consequatur veniam et qui. Totam sunt molestias voluptatum ipsa.\r\n\r\nIllum sint hic magnam cumque consequatur perspiciatis. Est quasi voluptatem iure non nam inventore. Doloribus enim qui officiis id iusto magni nihil. Minima vero accusantium officiis suscipit laudantium eligendi.\r\n\r\nAut tenetur quis non praesentium ipsam est. Facilis vitae vel enim dolores magnam velit dignissimos. Adipisci maxime voluptatum nostrum ratione.\r\n\r\nNam omnis sint omnis ea deserunt consequatur quidem. Ea dolorum sequi veritatis libero. Ipsa doloremque iure et animi.\r\n\r\nVelit vitae voluptas mollitia aut modi suscipit temporibus. Voluptatem nesciunt eum facilis laborum qui. Voluptas qui et sed.\r\n\r\nVoluptatem quidem quod praesentium et voluptas. Sint reiciendis repellat explicabo sed voluptas occaecati fuga. Deserunt eaque est totam accusamus eum qui iste. Ea ut omnis rerum accusantium. Et qui vitae saepe et explicabo nulla.\r\n\r\nPraesentium qui distinctio beatae fuga ullam. Alias velit aut perferendis distinctio harum commodi distinctio. Voluptas voluptatum aliquid dolores consequuntur voluptate aliquam. Accusantium laudantium et ullam corrupti occaecati sed. Pariatur aliquid error praesentium perferendis impedit sed et natus.\r\n\r\nAmet quia voluptatum deserunt quaerat enim. Earum officia quidem in nobis vero.\r\n\r\nMaxime officiis maiores laborum aspernatur laboriosam. Voluptatem quae necessitatibus qui cum amet nulla aut. Reiciendis a libero eum voluptatem ullam.\r\n\r\nTotam dolor non exercitationem. Nihil nulla praesentium tempora. Vel nihil reiciendis vel rerum vero. Repellendus voluptas quis corrupti quia unde doloribus.\r\n\r\nEos architecto necessitatibus est quia ut. Reiciendis unde sit dolores aut. Vitae omnis voluptatibus aliquam quibusdam quo placeat doloribus sit.\r\n\r\nVoluptate eum omnis ducimus et qui magni quasi. Eum aut expedita natus numquam eos. Voluptates facere esse est qui corrupti. Corrupti cumque voluptatem consequuntur assumenda.', 1, 3, 13, 22, 302, 0, 302, NULL, '2022-11-08 20:48:31', '2022-11-11 15:07:19', 11, 7);

-- ----------------------------
-- Table structure for categories
-- ----------------------------
DROP TABLE IF EXISTS `categories`;
CREATE TABLE `categories`  (
  `id` bigint UNSIGNED NOT NULL AUTO_INCREMENT,
  `name` varchar(191) CHARACTER SET utf8mb4 COLLATE utf8mb4_unicode_ci NOT NULL,
  `slug` varchar(191) CHARACTER SET utf8mb4 COLLATE utf8mb4_unicode_ci NOT NULL,
  `created_at` timestamp(0) NULL DEFAULT NULL,
  `updated_at` timestamp(0) NULL DEFAULT NULL,
  PRIMARY KEY (`id`) USING BTREE,
  UNIQUE INDEX `categories_name_unique`(`name`) USING BTREE,
  UNIQUE INDEX `categories_slug_unique`(`slug`) USING BTREE
) ENGINE = InnoDB AUTO_INCREMENT = 8 CHARACTER SET = utf8mb4 COLLATE = utf8mb4_unicode_ci ROW_FORMAT = DYNAMIC;

-- ----------------------------
-- Records of categories
-- ----------------------------
INSERT INTO `categories` VALUES (1, 'Engineering', 'engineering', '2022-11-08 20:48:31', '2022-11-08 20:48:31');
INSERT INTO `categories` VALUES (2, 'Sociology', 'sociology', '2022-11-08 20:48:31', '2022-11-08 20:48:31');
INSERT INTO `categories` VALUES (3, 'Literature', 'literature', '2022-11-08 20:48:31', '2022-11-08 20:48:31');
INSERT INTO `categories` VALUES (4, 'Business Studies', 'business-studies', '2022-11-08 20:48:31', '2022-11-08 20:48:31');
INSERT INTO `categories` VALUES (5, 'Economics', 'economics', '2022-11-08 20:48:31', '2022-11-08 20:48:31');
INSERT INTO `categories` VALUES (6, 'Medical', 'medical', '2022-11-08 20:48:31', '2022-11-08 20:48:31');
INSERT INTO `categories` VALUES (7, 'Text Books', 'text-books', '2022-11-08 20:48:31', '2022-11-08 20:48:31');

-- ----------------------------
-- Table structure for images
-- ----------------------------
DROP TABLE IF EXISTS `images`;
CREATE TABLE `images`  (
  `id` bigint UNSIGNED NOT NULL AUTO_INCREMENT,
  `file` varchar(191) CHARACTER SET utf8mb4 COLLATE utf8mb4_unicode_ci NOT NULL,
  `created_at` timestamp(0) NULL DEFAULT NULL,
  `updated_at` timestamp(0) NULL DEFAULT NULL,
  PRIMARY KEY (`id`) USING BTREE
) ENGINE = InnoDB AUTO_INCREMENT = 34 CHARACTER SET = utf8mb4 COLLATE = utf8mb4_unicode_ci ROW_FORMAT = DYNAMIC;

-- ----------------------------
-- Records of images
-- ----------------------------
INSERT INTO `images` VALUES (1, 'book_14.jpg', NULL, NULL);
INSERT INTO `images` VALUES (2, 'book_24.jpg', NULL, NULL);
INSERT INTO `images` VALUES (3, 'book_7.jpg', NULL, NULL);
INSERT INTO `images` VALUES (4, 'book_17.jpg', NULL, NULL);
INSERT INTO `images` VALUES (5, 'book_10.jpg', NULL, NULL);
INSERT INTO `images` VALUES (6, 'book_8.jpg', NULL, NULL);
INSERT INTO `images` VALUES (7, 'book_6.jpg', NULL, NULL);
INSERT INTO `images` VALUES (8, 'book_21.jpg', NULL, NULL);
INSERT INTO `images` VALUES (9, 'book_14.jpg', NULL, NULL);
INSERT INTO `images` VALUES (10, 'book_15.jpg', NULL, NULL);
INSERT INTO `images` VALUES (11, 'book_4.jpg', NULL, NULL);
INSERT INTO `images` VALUES (12, 'book_22.jpg', NULL, NULL);
INSERT INTO `images` VALUES (13, 'book_11.jpg', NULL, NULL);
INSERT INTO `images` VALUES (14, 'book_20.jpg', NULL, NULL);
INSERT INTO `images` VALUES (15, 'book_2.jpg', NULL, NULL);
INSERT INTO `images` VALUES (16, 'book_12.jpg', NULL, NULL);
INSERT INTO `images` VALUES (17, 'book_17.jpg', NULL, NULL);
INSERT INTO `images` VALUES (18, 'book_16.jpg', NULL, NULL);
INSERT INTO `images` VALUES (19, 'book_24.jpg', NULL, NULL);
INSERT INTO `images` VALUES (20, 'book_25.jpg', NULL, NULL);
INSERT INTO `images` VALUES (21, 'book_20.jpg', NULL, NULL);
INSERT INTO `images` VALUES (22, 'book_8.jpg', NULL, NULL);
INSERT INTO `images` VALUES (23, 'book_2.jpg', NULL, NULL);
INSERT INTO `images` VALUES (24, 'book_25.jpg', NULL, NULL);
INSERT INTO `images` VALUES (25, 'book_9.jpg', NULL, NULL);
INSERT INTO `images` VALUES (26, 'book_1.jpg', NULL, NULL);
INSERT INTO `images` VALUES (27, 'book_3.jpg', NULL, NULL);
INSERT INTO `images` VALUES (28, 'book_14.jpg', NULL, NULL);
INSERT INTO `images` VALUES (29, 'book_5.jpg', NULL, NULL);
INSERT INTO `images` VALUES (30, 'book_14.jpg', NULL, NULL);
INSERT INTO `images` VALUES (31, '16680690181575487248PP-update.png', '2022-11-10 14:30:18', '2022-11-10 14:30:18');
INSERT INTO `images` VALUES (32, '16680690931575487248PP-update.png', '2022-11-10 14:31:33', '2022-11-10 14:31:33');
INSERT INTO `images` VALUES (33, '16680691091575487248PP-update.png', '2022-11-10 14:31:49', '2022-11-10 14:31:49');

-- ----------------------------
-- Table structure for migrations
-- ----------------------------
DROP TABLE IF EXISTS `migrations`;
CREATE TABLE `migrations`  (
  `id` int UNSIGNED NOT NULL AUTO_INCREMENT,
  `migration` varchar(191) CHARACTER SET utf8mb4 COLLATE utf8mb4_unicode_ci NOT NULL,
  `batch` int NOT NULL,
  PRIMARY KEY (`id`) USING BTREE
) ENGINE = InnoDB AUTO_INCREMENT = 12 CHARACTER SET = utf8mb4 COLLATE = utf8mb4_unicode_ci ROW_FORMAT = DYNAMIC;

-- ----------------------------
-- Records of migrations
-- ----------------------------
INSERT INTO `migrations` VALUES (1, '2014_10_12_000000_create_users_table', 1);
INSERT INTO `migrations` VALUES (2, '2014_10_12_100000_create_password_resets_table', 1);
INSERT INTO `migrations` VALUES (3, '2019_11_28_175230_create_roles_table', 1);
INSERT INTO `migrations` VALUES (4, '2019_11_30_104253_create_authors_table', 1);
INSERT INTO `migrations` VALUES (5, '2019_11_30_110302_create_books_table', 1);
INSERT INTO `migrations` VALUES (6, '2019_11_30_115103_create_categories_table', 1);
INSERT INTO `migrations` VALUES (7, '2019_11_30_120057_create_images_table', 1);
INSERT INTO `migrations` VALUES (8, '2019_12_10_002111_create_orders_table', 1);
INSERT INTO `migrations` VALUES (9, '2019_12_10_002233_create_order_details_table', 1);
INSERT INTO `migrations` VALUES (10, '2019_12_10_011530_create_shipping_addresses_table', 1);
INSERT INTO `migrations` VALUES (11, '2019_12_11_022054_create_reviews_table', 1);

-- ----------------------------
-- Table structure for order_details
-- ----------------------------
DROP TABLE IF EXISTS `order_details`;
CREATE TABLE `order_details`  (
  `id` bigint UNSIGNED NOT NULL AUTO_INCREMENT,
  `order_id` int UNSIGNED NOT NULL,
  `book_id` int UNSIGNED NOT NULL,
  `book_name` varchar(191) CHARACTER SET utf8mb4 COLLATE utf8mb4_unicode_ci NOT NULL,
  `price` double NOT NULL,
  `book_quantity` int NOT NULL,
  `created_at` timestamp(0) NULL DEFAULT NULL,
  `updated_at` timestamp(0) NULL DEFAULT NULL,
  PRIMARY KEY (`id`) USING BTREE
) ENGINE = InnoDB AUTO_INCREMENT = 1 CHARACTER SET = utf8mb4 COLLATE = utf8mb4_unicode_ci ROW_FORMAT = DYNAMIC;

-- ----------------------------
-- Records of order_details
-- ----------------------------

-- ----------------------------
-- Table structure for orders
-- ----------------------------
DROP TABLE IF EXISTS `orders`;
CREATE TABLE `orders`  (
  `id` bigint UNSIGNED NOT NULL AUTO_INCREMENT,
  `user_id` int UNSIGNED NOT NULL,
  `shipping_id` int UNSIGNED NOT NULL,
  `payment_type` varchar(191) CHARACTER SET utf8mb4 COLLATE utf8mb4_unicode_ci NULL DEFAULT NULL,
  `total_price` double NOT NULL,
  `order_status` int NOT NULL DEFAULT 0,
  `created_at` timestamp(0) NULL DEFAULT NULL,
  `updated_at` timestamp(0) NULL DEFAULT NULL,
  PRIMARY KEY (`id`) USING BTREE,
  INDEX `orders_user_id_index`(`user_id`) USING BTREE
) ENGINE = InnoDB AUTO_INCREMENT = 1 CHARACTER SET = utf8mb4 COLLATE = utf8mb4_unicode_ci ROW_FORMAT = DYNAMIC;

-- ----------------------------
-- Records of orders
-- ----------------------------

-- ----------------------------
-- Table structure for password_resets
-- ----------------------------
DROP TABLE IF EXISTS `password_resets`;
CREATE TABLE `password_resets`  (
  `email` varchar(191) CHARACTER SET utf8mb4 COLLATE utf8mb4_unicode_ci NOT NULL,
  `token` varchar(191) CHARACTER SET utf8mb4 COLLATE utf8mb4_unicode_ci NOT NULL,
  `created_at` timestamp(0) NULL DEFAULT NULL,
  INDEX `password_resets_email_index`(`email`) USING BTREE
) ENGINE = InnoDB CHARACTER SET = utf8mb4 COLLATE = utf8mb4_unicode_ci ROW_FORMAT = DYNAMIC;

-- ----------------------------
-- Records of password_resets
-- ----------------------------

-- ----------------------------
-- Table structure for pdf_files
-- ----------------------------
DROP TABLE IF EXISTS `pdf_files`;
CREATE TABLE `pdf_files`  (
  `id` bigint UNSIGNED NOT NULL AUTO_INCREMENT,
  `pdf_file` varchar(255) CHARACTER SET utf8 COLLATE utf8_general_ci NOT NULL,
  `created_at` timestamp(0) NULL DEFAULT NULL,
  `updated_at` timestamp(0) NULL DEFAULT NULL,
  PRIMARY KEY (`id`) USING BTREE
) ENGINE = InnoDB AUTO_INCREMENT = 9 CHARACTER SET = utf8 COLLATE = utf8_general_ci ROW_FORMAT = DYNAMIC;

-- ----------------------------
-- Records of pdf_files
-- ----------------------------
INSERT INTO `pdf_files` VALUES (1, '16679593611.pdf', '2022-11-09 08:02:41', '2022-11-09 08:02:41');
INSERT INTO `pdf_files` VALUES (2, '16679596471.pdf', '2022-11-09 08:07:27', '2022-11-09 08:07:27');
INSERT INTO `pdf_files` VALUES (3, '16679596541.pdf', '2022-11-09 08:07:34', '2022-11-09 08:07:34');
INSERT INTO `pdf_files` VALUES (4, 'assets/pdf/16679616321.pdf', '2022-11-09 08:40:32', '2022-11-09 08:40:32');
INSERT INTO `pdf_files` VALUES (5, 'assets/pdf/16679616401.pdf', '2022-11-09 08:40:40', '2022-11-09 08:40:40');
INSERT INTO `pdf_files` VALUES (6, 'assets/pdf/1.pdf', '2022-11-09 08:57:37', '2022-11-09 08:57:37');
INSERT INTO `pdf_files` VALUES (7, 'assets/pdf/2.pdf', '2022-11-10 15:36:40', '2022-11-10 15:36:40');
INSERT INTO `pdf_files` VALUES (8, 'assets/pdf/Beginning Flutter.pdf', '2022-11-10 15:37:14', '2022-11-10 15:37:14');

-- ----------------------------
-- Table structure for read_states
-- ----------------------------
DROP TABLE IF EXISTS `read_states`;
CREATE TABLE `read_states`  (
  `id` bigint NOT NULL AUTO_INCREMENT,
  `user_id` int UNSIGNED NULL DEFAULT NULL,
  `book_id` int UNSIGNED NULL DEFAULT NULL,
  `state` int UNSIGNED NULL DEFAULT 0,
  `limit_time` int UNSIGNED NULL DEFAULT NULL,
  PRIMARY KEY (`id`) USING BTREE
) ENGINE = InnoDB AUTO_INCREMENT = 11 CHARACTER SET = utf8 COLLATE = utf8_general_ci ROW_FORMAT = Dynamic;

-- ----------------------------
-- Records of read_states
-- ----------------------------
INSERT INTO `read_states` VALUES (10, 7, 36, 2, 1);

-- ----------------------------
-- Table structure for reviews
-- ----------------------------
DROP TABLE IF EXISTS `reviews`;
CREATE TABLE `reviews`  (
  `id` bigint UNSIGNED NOT NULL AUTO_INCREMENT,
  `user_id` int UNSIGNED NOT NULL,
  `book_id` int UNSIGNED NOT NULL,
  `body` text CHARACTER SET utf8mb4 COLLATE utf8mb4_unicode_ci NOT NULL,
  `is_active` int NOT NULL DEFAULT 0,
  `created_at` timestamp(0) NULL DEFAULT NULL,
  `updated_at` timestamp(0) NULL DEFAULT NULL,
  PRIMARY KEY (`id`) USING BTREE,
  INDEX `reviews_user_id_index`(`user_id`) USING BTREE,
  INDEX `reviews_book_id_index`(`book_id`) USING BTREE
) ENGINE = InnoDB AUTO_INCREMENT = 57 CHARACTER SET = utf8mb4 COLLATE = utf8mb4_unicode_ci ROW_FORMAT = DYNAMIC;

-- ----------------------------
-- Records of reviews
-- ----------------------------
INSERT INTO `reviews` VALUES (1, 2, 50, 'Ratione omnis nisi aperiam doloribus iusto minima quia. Porro est et quaerat voluptatum. Tempore maxime quis iure porro in molestiae. Et ut quo et ut deserunt velit vel.\n\nConsequatur fugit velit ex enim enim. Qui magnam itaque et ullam. Fuga laboriosam molestiae quam veritatis sequi ipsam a.\n\nAb quia sit dolorem exercitationem veniam. Quos dolore reiciendis ipsam qui est quia. Reiciendis eaque quasi aut doloribus quis. Eum et dicta nobis recusandae exercitationem voluptas est.', 0, '2022-11-08 20:48:31', '2022-11-08 20:48:31');
INSERT INTO `reviews` VALUES (2, 1, 50, 'Incidunt error cum a sint ipsam quae amet. Maxime quia mollitia culpa et est nisi aut. Beatae veniam dolor assumenda nulla dolores error. Fuga sed dicta doloremque id impedit. Accusantium facilis consequatur veritatis nemo tempora minus.\n\nEum ad qui quisquam dolorum eius sit animi. Veritatis velit sed enim nisi. Consectetur et necessitatibus ut iste quos impedit. Libero provident soluta nemo possimus eos eum. Suscipit totam voluptatum sapiente ex expedita.\n\nQuisquam qui recusandae ut ea fugiat iusto. Ipsa a ratione consequatur blanditiis. Expedita omnis voluptatem omnis aut nostrum quae.\n\nQuod odit architecto repellendus sapiente est sapiente eaque. Aut nulla a totam consectetur nihil id sed eveniet. Qui dolores ex provident quisquam pariatur quisquam. Totam blanditiis omnis dolorem quis eius incidunt eos.', 0, '2022-11-08 20:48:31', '2022-11-08 20:48:31');
INSERT INTO `reviews` VALUES (3, 2, 50, 'Corporis ex tenetur id est eveniet asperiores dolores. Amet fuga aspernatur beatae architecto repudiandae consequatur sunt. Voluptas quam laboriosam perspiciatis fuga.\n\nDolorum fugiat qui voluptates. Quasi dolor officiis ea.\n\nA expedita aut animi voluptatem accusamus in. Qui sit in sit voluptas incidunt qui explicabo. Odit dolorem numquam nam cum in sit est. Et explicabo et tenetur provident vel doloribus ut quia.\n\nMollitia optio non odio ad id est. Quibusdam et nisi similique nihil. Quam iure beatae fugit sed similique et. Aut aut ut totam earum.', 0, '2022-11-08 20:48:31', '2022-11-08 20:48:31');
INSERT INTO `reviews` VALUES (4, 2, 49, 'Non est et id harum quas quod. Id est dicta tenetur omnis in rerum. Debitis ut ea accusantium voluptas dignissimos quia et.', 0, '2022-11-08 20:48:31', '2022-11-08 20:48:31');
INSERT INTO `reviews` VALUES (5, 2, 49, 'Nihil est cupiditate nesciunt. Sunt autem et modi dolores illo ipsam. At voluptas quibusdam laudantium temporibus. Ad amet voluptatibus distinctio voluptates rerum est aut aliquam.', 0, '2022-11-08 20:48:31', '2022-11-08 20:48:31');
INSERT INTO `reviews` VALUES (6, 2, 49, 'Molestiae quae id molestiae non. Eveniet libero numquam et iste voluptatem. Unde autem consequatur aut optio numquam debitis.', 0, '2022-11-08 20:48:31', '2022-11-08 20:48:31');
INSERT INTO `reviews` VALUES (7, 3, 49, 'Dolor ex aliquid nobis provident id amet optio autem. Animi consequuntur facilis dolorem ratione. Blanditiis id esse et necessitatibus neque.\n\nNihil neque unde dignissimos non sed consectetur voluptatum. Est quas illo ex. Ratione qui provident qui voluptatem suscipit rerum. Iure quia voluptatem omnis vitae.', 0, '2022-11-08 20:48:31', '2022-11-08 20:48:31');
INSERT INTO `reviews` VALUES (8, 1, 48, 'Quae qui officia et perferendis quaerat eaque deleniti. Excepturi amet ut et aliquam ut. Nostrum qui omnis debitis et. Voluptatibus sint vero nam.\n\nRepudiandae voluptas non repellat quidem possimus cupiditate quam deserunt. Et sit incidunt rerum autem. Ipsum non odio error sit inventore esse. Veritatis maxime incidunt consectetur.', 0, '2022-11-08 20:48:31', '2022-11-08 20:48:31');
INSERT INTO `reviews` VALUES (9, 2, 48, 'Suscipit molestiae sint voluptatem ullam est rerum. Ipsum provident consequuntur ab ut velit quod. Facilis sint consequuntur et quam et. Quam aut nostrum omnis rerum.\n\nEnim culpa voluptas ea nemo quam nam voluptatum. Pariatur et id laborum. Quia eos reprehenderit quasi voluptatem modi et autem. Ea nesciunt sunt eligendi facilis similique dolorem. Minima temporibus totam optio aliquid blanditiis fugit dolor.', 0, '2022-11-08 20:48:31', '2022-11-08 20:48:31');
INSERT INTO `reviews` VALUES (10, 3, 48, 'Quis tempora sed ab et. Sed qui tenetur inventore aliquam. Dolorem excepturi ut ut excepturi. Cupiditate qui rerum sunt aspernatur velit quos quisquam.', 0, '2022-11-08 20:48:31', '2022-11-08 20:48:31');
INSERT INTO `reviews` VALUES (11, 3, 48, 'Voluptates vel ut inventore necessitatibus. Dicta culpa quasi quos aliquam.\n\nRerum aspernatur dolor tempora maxime dolor nihil ipsam. Aspernatur accusantium dolor numquam quidem odit nesciunt explicabo. Nemo aut eveniet natus debitis. Possimus nulla illo non mollitia quae odit placeat.\n\nOmnis magnam enim neque ab sapiente ipsam totam dolore. Excepturi fuga consequuntur non sed error dolores voluptas. Et sed quasi autem recusandae non perferendis. Et facilis exercitationem deserunt quia.\n\nAlias aut magnam ea delectus quo est. Rerum doloremque eaque sunt fugiat veniam ut. Aperiam rem occaecati ea ut earum. Tempora nihil mollitia sint eligendi harum.', 0, '2022-11-08 20:48:31', '2022-11-08 20:48:31');
INSERT INTO `reviews` VALUES (12, 1, 48, 'Sed autem eius quia. Voluptatum odit minima dicta unde. Omnis reiciendis necessitatibus et sed ipsam et aut. Consequatur et nihil sed quae.', 0, '2022-11-08 20:48:31', '2022-11-08 20:48:31');
INSERT INTO `reviews` VALUES (13, 1, 47, 'Est consectetur aut aut sint. Qui dolores sint tenetur distinctio delectus sed. Qui neque dolor vel facilis ipsum nihil esse. Dolorem sed quibusdam enim ipsa.\n\nVoluptas ullam laudantium non voluptates. Quibusdam minima voluptatum cumque eos unde sunt accusamus qui. Ut doloremque nihil eveniet.', 0, '2022-11-08 20:48:31', '2022-11-08 20:48:31');
INSERT INTO `reviews` VALUES (14, 2, 47, 'Rem ea est iste dicta et. Illo consequuntur ea et cum dignissimos et. Unde sed voluptate doloribus sed id. Ullam mollitia aliquid occaecati ea quam.', 0, '2022-11-08 20:48:31', '2022-11-08 20:48:31');
INSERT INTO `reviews` VALUES (15, 2, 47, 'Eos aut quo et aut. Excepturi dolor autem commodi enim consequuntur culpa. Accusamus laudantium sit quis a est earum maxime adipisci. Provident ut nulla dolor quibusdam quia sit voluptatem. Aspernatur velit dignissimos recusandae quo cumque non.\n\nAperiam voluptates occaecati officiis asperiores eius cupiditate placeat. Sint et sapiente molestias aut sit vitae excepturi. Cumque modi soluta ipsum repellat. Architecto eius dolorem voluptatem modi placeat officia deleniti.', 0, '2022-11-08 20:48:31', '2022-11-08 20:48:31');
INSERT INTO `reviews` VALUES (16, 2, 46, 'Alias odio minima totam ea ipsam libero. Commodi nulla ipsa quas est. Voluptas molestiae voluptatem velit quia provident. Eum a et dolor occaecati quo.\n\nEx inventore officiis et veniam. Et alias delectus aut vel illo voluptatem illum. Placeat sint dolorem autem dolorem distinctio.\n\nPariatur tenetur ut consequatur voluptatibus. Sit est omnis nihil ducimus praesentium quae. Velit est est dolor laborum beatae. Repellendus deleniti aut dolores ullam blanditiis nostrum voluptates.', 0, '2022-11-08 20:48:31', '2022-11-08 20:48:31');
INSERT INTO `reviews` VALUES (17, 2, 46, 'Vel ipsa eaque porro. Vel qui harum non soluta. In exercitationem illum quo earum perspiciatis vel exercitationem.', 0, '2022-11-08 20:48:31', '2022-11-08 20:48:31');
INSERT INTO `reviews` VALUES (18, 2, 46, 'Animi eligendi aut debitis accusamus ut quae tempore illum. Atque architecto tempore in quia et quibusdam quia. Perferendis saepe nobis unde quae alias.', 0, '2022-11-08 20:48:31', '2022-11-08 20:48:31');
INSERT INTO `reviews` VALUES (19, 3, 46, 'Molestiae aliquid consectetur alias. Aliquid dolor recusandae officia illo ipsum. Repudiandae et numquam eaque iusto quia esse.\n\nAt officia consequatur perferendis accusantium illum odit qui. Id exercitationem vero consequatur. Aut magnam aut porro sit.\n\nQuia et harum fugiat. Voluptatem qui iure repudiandae. Voluptas perspiciatis sit eum a aliquam.\n\nPlaceat et minima quisquam recusandae ratione reprehenderit voluptatibus. Quaerat maiores rerum repellendus rerum. Autem tenetur recusandae occaecati. Blanditiis numquam quaerat laudantium et et qui. Aspernatur voluptate repellendus neque debitis assumenda voluptatem modi.', 0, '2022-11-08 20:48:31', '2022-11-08 20:48:31');
INSERT INTO `reviews` VALUES (20, 2, 45, 'Rerum iusto aperiam voluptas vitae sunt eaque sequi. Minima enim qui incidunt. Totam consequuntur qui quo soluta. Magnam commodi quidem ullam ut non aut.\n\nEt enim doloremque sed fugit officiis cumque eum. Voluptatem sed qui praesentium adipisci. Doloremque id est aliquam molestias iusto rerum officia. Aliquam sapiente possimus quas aut est itaque.\n\nUt reprehenderit id maiores. Asperiores velit aspernatur quasi enim ea magni. Tempora nihil neque ut nam quia vel.\n\nTenetur et alias soluta beatae ab ea incidunt quia. Labore commodi deleniti et ut dolores. Est laborum illo cumque ullam sunt enim est.', 0, '2022-11-08 20:48:31', '2022-11-08 20:48:31');
INSERT INTO `reviews` VALUES (21, 3, 45, 'Quasi veritatis at deserunt harum et quia nihil. Eum sunt atque omnis omnis culpa facilis vero. Culpa doloremque et aut.\n\nQuos dolorem iure nihil amet deserunt voluptate quia. Ab eos doloremque non eos. Eos accusamus vel occaecati aut qui fuga.', 0, '2022-11-08 20:48:31', '2022-11-08 20:48:31');
INSERT INTO `reviews` VALUES (22, 1, 45, 'At minus quasi possimus exercitationem voluptatem dolores est. Ut aut cupiditate omnis quo aut. Provident sit est ratione ea expedita incidunt. Voluptatem voluptas et et commodi omnis aut minus.\n\nEa maiores qui nostrum cupiditate. Et nostrum et ut in voluptatem ratione. Voluptas in pariatur et assumenda amet inventore. Fuga dolorum repellendus aliquid voluptatibus omnis cum. Rerum dolor quasi quis architecto incidunt voluptas.', 0, '2022-11-08 20:48:31', '2022-11-08 20:48:31');
INSERT INTO `reviews` VALUES (23, 2, 45, 'Porro cupiditate velit reprehenderit asperiores impedit iure. Labore quae aspernatur et harum et voluptas. Possimus aut odio sit dolores magnam.\n\nBlanditiis sit aliquam aut nostrum ipsum. Qui odit quidem itaque et molestiae sunt. Laboriosam corrupti illo ex et et repellendus rem. Quia qui commodi aliquam dolore non assumenda rerum suscipit. Omnis architecto ex ea.\n\nEarum voluptate tenetur temporibus sequi modi adipisci est consequatur. Voluptas dolores quo molestiae aspernatur est modi sint ipsa.\n\nPorro accusantium ut quis tempora odio. Delectus dolor quia ducimus dolor aut voluptas est. Nobis eius ad officia. Adipisci qui reiciendis et non minima quod hic.', 0, '2022-11-08 20:48:31', '2022-11-08 20:48:31');
INSERT INTO `reviews` VALUES (24, 3, 45, 'Qui eaque aut reprehenderit veritatis sapiente. Quaerat neque molestiae non rerum. Aliquid facere odio natus nihil. Voluptatem nulla ut cupiditate qui.\n\nVoluptatem consequatur velit sunt iste ut in. Ullam a eum nemo nam. Quaerat expedita aut id exercitationem sapiente maxime et. Nihil sunt maxime numquam aperiam blanditiis voluptatem.\n\nEligendi ut libero praesentium est. Illum architecto adipisci iure. Dicta neque vitae illo voluptatem voluptatem eveniet aliquid aut.\n\nExpedita aut veniam voluptatem et quia. Quam deleniti ad sit sit et in. Ut qui id a aut explicabo magnam quasi. Nesciunt dignissimos velit repudiandae voluptatem natus.', 0, '2022-11-08 20:48:31', '2022-11-08 20:48:31');
INSERT INTO `reviews` VALUES (25, 2, 44, 'Dolorem molestiae sunt accusantium cum aut. Esse odio voluptate consequatur omnis aperiam occaecati quibusdam. Doloribus aliquid id quod magnam est. Voluptatibus porro quidem quas excepturi ducimus exercitationem nihil. Voluptas ut aut cum illo voluptates.', 0, '2022-11-08 20:48:31', '2022-11-08 20:48:31');
INSERT INTO `reviews` VALUES (26, 3, 43, 'Eum reprehenderit dolores ut hic corrupti fugit et veritatis. Possimus sit quibusdam doloremque veniam. Rem ut nihil in molestias sit.\n\nMolestias rerum quaerat dicta dolorem inventore. Distinctio ut enim aut sed nihil sed. Omnis voluptatum blanditiis est nam velit culpa. Recusandae totam iusto et beatae aspernatur ad non.\n\nPerferendis cupiditate autem ad veniam molestiae. Qui sed in nam harum. Ipsam aut sed omnis neque. Nobis nesciunt iste numquam vitae commodi rerum voluptatem quia. Aliquam qui recusandae quos error.', 0, '2022-11-08 20:48:31', '2022-11-08 20:48:31');
INSERT INTO `reviews` VALUES (27, 2, 43, 'Velit dolores dolor molestiae eaque soluta. Modi labore soluta quis repellat atque. Esse nemo voluptatem voluptatem asperiores vel quibusdam rerum. Maiores aut dolorum doloribus.\n\nReiciendis nam tempora veniam atque. Pariatur corrupti necessitatibus nihil corporis nemo culpa. Non occaecati sequi perspiciatis libero porro asperiores dignissimos. Rerum nihil labore quam sunt ad accusamus.', 0, '2022-11-08 20:48:31', '2022-11-08 20:48:31');
INSERT INTO `reviews` VALUES (28, 3, 43, 'Et illum sed ab ea dolore eum accusamus quaerat. Accusantium in eos qui debitis et.\n\nOptio maxime qui et voluptas ut ut. Illo explicabo expedita temporibus ut. Laudantium officiis quos minus vel nulla non. Amet magnam dolor unde explicabo vero rem velit.\n\nNon animi rem aliquid rerum nostrum possimus. Voluptatem deleniti omnis porro nihil itaque qui sunt labore. Dolorem placeat optio ab quia voluptatibus aliquam.', 0, '2022-11-08 20:48:31', '2022-11-08 20:48:31');
INSERT INTO `reviews` VALUES (29, 1, 42, 'Blanditiis consectetur optio quia ut optio. Similique fuga ipsum sed error cupiditate ipsa. Deserunt aspernatur recusandae aliquid optio. Rerum ullam repellat earum consequatur. Repudiandae magnam quae repellat numquam ut maxime cum.\n\nQuasi incidunt iure nam voluptate dolorem quos quaerat. Et cupiditate rerum dolores et rem aut.', 0, '2022-11-08 20:48:31', '2022-11-08 20:48:31');
INSERT INTO `reviews` VALUES (30, 1, 42, 'Quo accusamus minus qui et excepturi porro. Voluptatum voluptatum sed distinctio sequi delectus commodi libero. Saepe aspernatur sint aut eius.\n\nMinima culpa voluptatem odit unde nobis recusandae et. Libero natus eum voluptatibus tempora et inventore magnam aut. Dolores in repellendus quo atque. Rerum sunt nisi perferendis quisquam dicta doloribus dolor minima.\n\nPerspiciatis eveniet molestiae optio ullam quo. Saepe molestiae iusto ipsam occaecati. Eius amet id quisquam aliquid aut magni aut.\n\nEveniet ipsum id sint excepturi laboriosam. In inventore ut eum. Perferendis enim et earum veritatis fugiat. Maiores voluptatem optio eos est et amet quidem officiis.', 0, '2022-11-08 20:48:31', '2022-11-08 20:48:31');
INSERT INTO `reviews` VALUES (31, 1, 42, 'Ea illo porro tenetur veritatis possimus ex. Non nobis reprehenderit deleniti architecto eligendi. Libero voluptatem fugit error labore doloremque. Rerum necessitatibus hic doloremque odit et accusantium suscipit.\n\nCorporis dolor qui minus eum nulla sint. Molestiae ratione rerum ab voluptatem et eligendi. Vel asperiores doloremque consequuntur.', 0, '2022-11-08 20:48:31', '2022-11-08 20:48:31');
INSERT INTO `reviews` VALUES (32, 3, 42, 'Tempore ducimus perferendis iusto voluptatem quis laboriosam veniam libero. Necessitatibus ut ut sapiente dolore odit. Omnis facere laboriosam fugiat.\n\nVoluptas maxime aliquam adipisci minima. Omnis laudantium aut beatae id cum. Facere et expedita alias laboriosam. Adipisci pariatur quam architecto dolorem nobis et magnam.\n\nPerspiciatis distinctio molestiae odit sint fuga. Exercitationem laborum et ea aperiam deleniti pariatur velit. Sit quidem tempore ut ratione. Voluptatem nemo natus occaecati reprehenderit sint reiciendis et.', 0, '2022-11-08 20:48:31', '2022-11-08 20:48:31');
INSERT INTO `reviews` VALUES (33, 2, 42, 'Velit quia unde enim et iste amet. Repellendus ea sint perferendis. Ullam aut et voluptatem illo earum rem libero.\n\nQuia deleniti molestiae sed placeat et ad. Officia error perspiciatis quod deleniti. Saepe sed aliquid quia. Id omnis aut eius facilis tempore quia.\n\nTotam nesciunt omnis ea voluptatem fuga. Eaque consequatur tempora non dolores est. Unde quae accusantium aperiam eius modi ut.\n\nBeatae occaecati quo voluptatum odio quam. Quia ut distinctio officia ut aperiam est. Maiores sint qui rerum nihil exercitationem aut.', 0, '2022-11-08 20:48:31', '2022-11-08 20:48:31');
INSERT INTO `reviews` VALUES (34, 1, 41, 'Et quia distinctio error dolor nostrum esse excepturi. Unde earum architecto sed magni sed vel veniam aut.\n\nSit quae cupiditate eveniet est voluptate in. Omnis nesciunt dolores vero necessitatibus quia est dolores. Eveniet dolor quia rerum aut eveniet.', 0, '2022-11-08 20:48:31', '2022-11-08 20:48:31');
INSERT INTO `reviews` VALUES (35, 3, 41, 'Dolore veniam est in ut laudantium. Sint ullam eveniet est eum. Ab velit adipisci quaerat quia. Dolor at autem qui enim. Repellat recusandae repellat cum.\n\nEst blanditiis et quasi vel autem qui. Enim sed ab aut enim dolorum. Itaque aperiam neque vero praesentium tempore. Voluptatem accusantium aut asperiores vero.', 0, '2022-11-08 20:48:31', '2022-11-08 20:48:31');
INSERT INTO `reviews` VALUES (36, 3, 40, 'Et ullam sint omnis dolorum. Quia eveniet natus quo perferendis. Voluptas quibusdam cupiditate error. Aut consequuntur voluptas quo tempore aut aut.', 0, '2022-11-08 20:48:31', '2022-11-08 20:48:31');
INSERT INTO `reviews` VALUES (37, 2, 40, 'Eveniet omnis reprehenderit modi maiores repellat. Inventore doloremque nemo odio facilis fugit id. Qui reprehenderit illo atque est.\n\nQuisquam enim non vel quaerat. Sed iste aut quo excepturi. Ad consectetur earum ut. Facere molestiae asperiores aspernatur. Sunt quas nulla deserunt dolorum eaque recusandae.\n\nAut et dolorum autem eaque exercitationem rerum. Eos hic dolor quo velit expedita ducimus eveniet. Iste provident accusantium non suscipit quas ut. Omnis corporis iusto alias et quis officiis.', 0, '2022-11-08 20:48:31', '2022-11-08 20:48:31');
INSERT INTO `reviews` VALUES (38, 1, 40, 'Voluptatem eaque est et optio fuga ducimus. Aspernatur et beatae enim. Omnis aliquam beatae eveniet blanditiis saepe animi eaque.\n\nVoluptas reiciendis perspiciatis cumque recusandae illum et necessitatibus voluptas. Beatae aut neque excepturi molestiae.\n\nDolorem officia fugit fugit quas atque accusantium et veritatis. Natus modi dolorem aspernatur voluptas. Enim voluptatibus quas eum suscipit ea laboriosam praesentium.', 0, '2022-11-08 20:48:31', '2022-11-08 20:48:31');
INSERT INTO `reviews` VALUES (39, 1, 40, 'Ea ratione et eveniet. Aliquid quas est ratione non laboriosam non. Qui accusamus veritatis consequatur ipsam molestiae nam. Dicta perferendis temporibus ipsam velit quia laborum quia.\n\nQuo quidem qui voluptatem error qui. Commodi atque officiis natus omnis. Dolor rerum aliquam magnam.\n\nAperiam sint nihil occaecati tenetur maiores velit rem nulla. Similique aut et voluptatem est rerum voluptas explicabo iure. Adipisci necessitatibus laudantium nostrum corporis in molestias. Veritatis deleniti est rem placeat explicabo eligendi id.\n\nVoluptatibus aut quod molestiae qui. Optio voluptas saepe vero mollitia. Possimus accusamus quia qui inventore molestiae assumenda.', 0, '2022-11-08 20:48:31', '2022-11-08 20:48:31');
INSERT INTO `reviews` VALUES (40, 1, 39, 'Autem soluta ratione dolor in. Hic explicabo provident ex tenetur consequatur est. Qui est voluptate autem.', 0, '2022-11-08 20:48:31', '2022-11-08 20:48:31');
INSERT INTO `reviews` VALUES (41, 1, 39, 'Neque soluta eius fuga consequatur quo rerum iusto. Perspiciatis tempora optio ut et. Consequatur reprehenderit voluptas recusandae dolor quaerat sint odio.\n\nNesciunt doloribus optio voluptatem vel itaque sit adipisci veritatis. Deserunt ea et cum temporibus. Aperiam quia quasi magni eos assumenda ipsa.', 0, '2022-11-08 20:48:31', '2022-11-08 20:48:31');
INSERT INTO `reviews` VALUES (42, 2, 39, 'Eos ipsa nobis quasi molestiae. Itaque quaerat ad vel nemo et recusandae quae. Voluptatem qui delectus incidunt earum in.\n\nRerum minima eligendi et fugit enim. Magni praesentium repellendus est rerum. Vel dolores voluptatem ducimus suscipit necessitatibus culpa numquam. Esse eos quia ut officia consequatur molestias esse.', 0, '2022-11-08 20:48:31', '2022-11-08 20:48:31');
INSERT INTO `reviews` VALUES (43, 3, 39, 'Sit omnis fuga enim eveniet sapiente explicabo enim. Pariatur quod reprehenderit adipisci quas dolor sit commodi soluta. Est voluptates non quod quam nihil.', 0, '2022-11-08 20:48:31', '2022-11-08 20:48:31');
INSERT INTO `reviews` VALUES (44, 2, 38, 'In voluptatem non ea dignissimos sed itaque ut. Ad quas aliquid occaecati iusto. Sunt velit sed rerum ullam officiis et sit sit.\n\nAut quia qui placeat ut magni consequuntur. Sint ipsum et omnis ea suscipit inventore. Sunt iste distinctio praesentium consectetur ut aut quis. Et voluptatem perferendis placeat consequatur tempore omnis dolores.\n\nOmnis vero adipisci non non. Delectus illum culpa dolores veritatis voluptas. Numquam qui eius ipsum voluptas quibusdam quis quis.\n\nTenetur saepe quisquam blanditiis eaque cum. Dolorem velit et ipsa delectus sunt porro perferendis et. Debitis sapiente quibusdam non voluptatibus perferendis. Dolorem itaque inventore vel qui consequatur ratione sequi dolor.', 0, '2022-11-08 20:48:31', '2022-11-08 20:48:31');
INSERT INTO `reviews` VALUES (45, 3, 38, 'Tempore vel eius impedit error commodi excepturi minima repellendus. Ab consequuntur eius ipsam non. Tempora voluptas nobis possimus laudantium. Accusantium eligendi sint magni facere similique iste voluptatem. Consequatur laudantium earum maxime ipsum sapiente et.\n\nSunt culpa sed reiciendis sapiente et. Earum et adipisci ea distinctio quia ut. Libero nemo consectetur fuga. Accusamus nulla id qui aut recusandae eos.\n\nVeritatis consequatur velit et. Fuga ut aut minima. Nemo eum in quisquam vel omnis.\n\nExcepturi sint facere sunt beatae quod corrupti reiciendis. Ratione hic soluta ipsa laboriosam est aliquam. Reiciendis sit et est corrupti.', 0, '2022-11-08 20:48:31', '2022-11-08 20:48:31');
INSERT INTO `reviews` VALUES (46, 1, 37, 'Nisi quos qui sapiente quo fugit qui. Natus quis ipsa ea modi odit fugit.', 0, '2022-11-08 20:48:31', '2022-11-08 20:48:31');
INSERT INTO `reviews` VALUES (47, 3, 37, 'Est est corrupti fugit qui natus. Eius qui distinctio magni ut placeat quos. Amet voluptate commodi fugit possimus assumenda. Veniam dolor aut eveniet ipsum officia magni.', 0, '2022-11-08 20:48:31', '2022-11-08 20:48:31');
INSERT INTO `reviews` VALUES (48, 3, 37, 'Voluptas natus id ab eos. Et provident amet aut temporibus quidem.\n\nFugit occaecati possimus quo. Velit cum repellat sit laboriosam repudiandae officia provident. Officiis maxime ab dolor culpa quae.\n\nError quo ipsam cum ut facilis ducimus. Consectetur ipsum est hic tempora consectetur eos. Nostrum error id suscipit iste.', 0, '2022-11-08 20:48:31', '2022-11-08 20:48:31');
INSERT INTO `reviews` VALUES (49, 1, 37, 'Et nihil quia eligendi error qui quis temporibus. Atque voluptas quasi totam fuga ut.\n\nFugit ullam illum consequatur officiis possimus consequatur similique. Voluptatem veniam maxime occaecati culpa aut dignissimos placeat omnis.', 0, '2022-11-08 20:48:31', '2022-11-08 20:48:31');
INSERT INTO `reviews` VALUES (50, 1, 37, 'Voluptas sed sit id vero asperiores consequatur. Maxime iusto itaque ut explicabo facilis.\n\nMaxime aut reiciendis sed in quia est a tempore. Voluptatibus sunt fugit doloribus. Sunt consequatur velit fugit beatae reiciendis. Omnis necessitatibus in totam inventore. Ut voluptas harum praesentium esse est rerum ipsa.\n\nOmnis dolores ex eaque rerum. Sit nihil inventore numquam. Exercitationem autem similique vitae harum soluta.\n\nQuo fugiat sunt repudiandae officia error ut. Rerum animi et velit consectetur accusamus. Deserunt quis dicta ut quo temporibus. Vel et et quia nesciunt.', 0, '2022-11-08 20:48:31', '2022-11-08 20:48:31');
INSERT INTO `reviews` VALUES (51, 1, 37, 'Porro dolores et ullam. Dicta qui iusto quia commodi. Eligendi deserunt ducimus a vel quo. Incidunt et et aut voluptatem tempora est et. Aut officiis alias accusantium nulla eum nulla quibusdam.\n\nUt maxime voluptatem sed ullam ut. Corrupti aliquam nihil voluptas ut quo quis. Qui officia qui saepe possimus eius non provident quisquam.\n\nPerspiciatis explicabo voluptas cupiditate voluptate distinctio incidunt. Eligendi voluptatem ullam ut reprehenderit eos cum dolor eos. Facilis sit eum non aut voluptate voluptas. Similique in doloribus ex.', 0, '2022-11-08 20:48:31', '2022-11-08 20:48:31');
INSERT INTO `reviews` VALUES (52, 1, 36, 'Non nam odio voluptas fugit voluptatem et iure ex. Ut quaerat maxime et veritatis non doloribus enim. Totam deserunt molestiae officia ut et. Ut rerum ut ex tempora illo id.\n\nLaborum est voluptatem rem aut cumque sequi culpa. Quas et ipsam similique error autem. Ipsam distinctio quaerat ex aut consequatur ducimus.', 0, '2022-11-08 20:48:31', '2022-11-08 20:48:31');
INSERT INTO `reviews` VALUES (53, 3, 36, 'Qui debitis asperiores id soluta est assumenda quas. Vel consequatur quisquam aspernatur excepturi inventore asperiores.\n\nQuibusdam magnam repellat quia ea. Quidem laborum culpa unde qui nulla alias. Doloribus voluptatem in nihil aut nam quod distinctio. Hic tenetur occaecati perferendis et.\n\nIste laboriosam impedit ea quia facere recusandae iure maiores. Est error ea maxime similique qui totam. Similique itaque omnis dignissimos iusto voluptatem dolor consequatur eveniet. Et est optio dolorem distinctio nisi.\n\nVero molestiae quisquam in nam adipisci. Deleniti provident alias debitis dolorem numquam cum voluptatum. Tempore qui est quas a voluptatibus. Consequatur et debitis ea possimus explicabo.', 0, '2022-11-08 20:48:31', '2022-11-08 20:48:31');
INSERT INTO `reviews` VALUES (54, 1, 36, 'Est perferendis possimus provident beatae blanditiis. Explicabo accusamus vel sunt eos illo voluptate alias. Veritatis reprehenderit enim adipisci ratione provident molestiae voluptatem. Quam ex velit nulla consequatur reprehenderit consequatur sint necessitatibus.\n\nOccaecati qui aut accusantium est omnis nam illum ut. Harum deleniti debitis sed minus eos aut. Ipsam architecto reprehenderit qui veniam omnis. Ut error porro qui adipisci.', 0, '2022-11-08 20:48:31', '2022-11-08 20:48:31');
INSERT INTO `reviews` VALUES (55, 1, 36, 'Harum non est aut iusto. Et ut sed enim rem laboriosam. Ex in qui aut voluptatem quos aliquid esse aut. Aut non ut minima eum nihil sit et aspernatur.', 0, '2022-11-08 20:48:31', '2022-11-08 20:48:31');
INSERT INTO `reviews` VALUES (56, 1, 36, 'Qui mollitia eum vero inventore reiciendis autem quis ut. Placeat est quidem eaque aperiam eos nam qui. Et aperiam aspernatur praesentium aut dolorem illum.\n\nMagni fuga et aut enim. Eos omnis voluptas distinctio repellat deserunt non.\n\nIn ut nemo et sed et. Temporibus saepe esse nam dolorem rerum. Consequatur nostrum impedit at eum omnis et. Repudiandae et nam sit facilis. Repellendus nam maxime fuga consequatur architecto.', 0, '2022-11-08 20:48:31', '2022-11-08 20:48:31');

-- ----------------------------
-- Table structure for roles
-- ----------------------------
DROP TABLE IF EXISTS `roles`;
CREATE TABLE `roles`  (
  `id` bigint UNSIGNED NOT NULL AUTO_INCREMENT,
  `name` varchar(191) CHARACTER SET utf8mb4 COLLATE utf8mb4_unicode_ci NOT NULL,
  `created_at` timestamp(0) NULL DEFAULT NULL,
  `updated_at` timestamp(0) NULL DEFAULT NULL,
  PRIMARY KEY (`id`) USING BTREE
) ENGINE = InnoDB AUTO_INCREMENT = 4 CHARACTER SET = utf8mb4 COLLATE = utf8mb4_unicode_ci ROW_FORMAT = DYNAMIC;

-- ----------------------------
-- Records of roles
-- ----------------------------
INSERT INTO `roles` VALUES (1, 'Admin', NULL, NULL);
INSERT INTO `roles` VALUES (2, 'Editor', NULL, NULL);
INSERT INTO `roles` VALUES (3, 'User', NULL, NULL);

-- ----------------------------
-- Table structure for shipping_addresses
-- ----------------------------
DROP TABLE IF EXISTS `shipping_addresses`;
CREATE TABLE `shipping_addresses`  (
  `id` bigint UNSIGNED NOT NULL AUTO_INCREMENT,
  `user_id` int UNSIGNED NOT NULL,
  `shipping_name` varchar(191) CHARACTER SET utf8mb4 COLLATE utf8mb4_unicode_ci NOT NULL,
  `mobile_no` varchar(191) CHARACTER SET utf8mb4 COLLATE utf8mb4_unicode_ci NOT NULL,
  `address` text CHARACTER SET utf8mb4 COLLATE utf8mb4_unicode_ci NOT NULL,
  `created_at` timestamp(0) NULL DEFAULT NULL,
  `updated_at` timestamp(0) NULL DEFAULT NULL,
  PRIMARY KEY (`id`) USING BTREE
) ENGINE = InnoDB AUTO_INCREMENT = 5 CHARACTER SET = utf8mb4 COLLATE = utf8mb4_unicode_ci ROW_FORMAT = DYNAMIC;

-- ----------------------------
-- Records of shipping_addresses
-- ----------------------------
INSERT INTO `shipping_addresses` VALUES (1, 7, 'dante3', '3', '3', '2022-11-10 08:14:59', '2022-11-10 08:14:59');
INSERT INTO `shipping_addresses` VALUES (2, 7, 'dante3', '11111', 'asdasdasd', '2022-11-10 14:33:01', '2022-11-10 14:33:01');
INSERT INTO `shipping_addresses` VALUES (3, 7, '123', '234', '234', '2022-11-10 15:48:52', '2022-11-10 15:48:52');
INSERT INTO `shipping_addresses` VALUES (4, 7, '123', '123', '123', '2022-11-10 18:59:50', '2022-11-10 18:59:50');

-- ----------------------------
-- Table structure for users
-- ----------------------------
DROP TABLE IF EXISTS `users`;
CREATE TABLE `users`  (
  `id` bigint UNSIGNED NOT NULL AUTO_INCREMENT,
  `name` varchar(191) CHARACTER SET utf8mb4 COLLATE utf8mb4_unicode_ci NOT NULL,
  `email` varchar(191) CHARACTER SET utf8mb4 COLLATE utf8mb4_unicode_ci NOT NULL,
  `email_verified_at` timestamp(0) NULL DEFAULT NULL,
  `password` varchar(191) CHARACTER SET utf8mb4 COLLATE utf8mb4_unicode_ci NOT NULL,
  `role_id` int UNSIGNED NOT NULL DEFAULT 3,
  `image_id` int UNSIGNED NULL DEFAULT NULL,
  `is_active` int NOT NULL DEFAULT 0,
  `remember_token` varchar(100) CHARACTER SET utf8mb4 COLLATE utf8mb4_unicode_ci NULL DEFAULT NULL,
  `created_at` timestamp(0) NULL DEFAULT NULL,
  `updated_at` timestamp(0) NULL DEFAULT NULL,
  PRIMARY KEY (`id`) USING BTREE,
  UNIQUE INDEX `users_email_unique`(`email`) USING BTREE,
  INDEX `users_role_id_index`(`role_id`) USING BTREE,
  INDEX `users_image_id_index`(`image_id`) USING BTREE
) ENGINE = InnoDB AUTO_INCREMENT = 8 CHARACTER SET = utf8mb4 COLLATE = utf8mb4_unicode_ci ROW_FORMAT = DYNAMIC;

-- ----------------------------
-- Records of users
-- ----------------------------
INSERT INTO `users` VALUES (1, 'Juan Delacruz', 'juan@gmail.com', NULL, '$2y$10$zc3MsmB8g2OAxEb53ZzNcuD9ocrEwpZIWJdaRvxPJDlGCxK3oQEky', 1, 32, 1, NULL, NULL, '2022-11-10 14:31:33');
INSERT INTO `users` VALUES (2, 'Mr. Admin', 'admin@bookshop.com', NULL, '$2y$10$zc3MsmB8g2OAxEb53ZzNcuD9ocrEwpZIWJdaRvxPJDlGCxK3oQEky', 1, NULL, 1, NULL, NULL, NULL);
INSERT INTO `users` VALUES (3, 'Mr. User', 'user@bookshop.com', NULL, '$2y$10$zc3MsmB8g2OAxEb53ZzNcuD9ocrEwpZIWJdaRvxPJDlGCxK3oQEky', 3, NULL, 1, NULL, NULL, NULL);
INSERT INTO `users` VALUES (4, 'Mr. Editor', 'editor@bookshop.com', NULL, '$2y$10$zc3MsmB8g2OAxEb53ZzNcuD9ocrEwpZIWJdaRvxPJDlGCxK3oQEky', 2, NULL, 1, NULL, NULL, NULL);
INSERT INTO `users` VALUES (5, 'dante', 'dante@bookshop.com', NULL, '$2y$10$zc3MsmB8g2OAxEb53ZzNcuD9ocrEwpZIWJdaRvxPJDlGCxK3oQEky', 1, NULL, 1, NULL, '2022-11-08 20:49:54', '2022-11-08 20:49:54');
INSERT INTO `users` VALUES (6, 'dante2', 'dante2@bookshop.com', NULL, '$2y$10$zc3MsmB8g2OAxEb53ZzNcuD9ocrEwpZIWJdaRvxPJDlGCxK3oQEky', 3, NULL, 0, NULL, '2022-11-08 23:33:11', '2022-11-08 23:33:11');
INSERT INTO `users` VALUES (7, 'dante3', 'dante3@bookstore.com', NULL, '$2y$10$zc3MsmB8g2OAxEb53ZzNcuD9ocrEwpZIWJdaRvxPJDlGCxK3oQEky', 1, 33, 1, NULL, '2022-11-10 08:09:02', '2022-11-10 14:31:49');

SET FOREIGN_KEY_CHECKS = 1;
